ts,v,audio_ok,batt_a,batt_v,bilge_fwd,bilge_mid,bilge_rear,bridge_on,captured,captured_by,ch_guard,ch_mode,ch_reverse,ch_rudder,ch_throttle,cog_trim,course,cruise_us,deck_on,depth_mode,esc_us,failsafe_ack,gps_fix,heading,heading_mag,heap,lat,lon,mag_baseline_uT,mag_cal_circ_pct,mag_cal_progress,mag_cal_quality,mag_cal_radius_uT,mag_cal_state,mag_cal_ts,mag_calibrated,mag_from_nvs,mag_off_x,mag_off_y,mag_off_z,mag_uT,mode,nav_on,pid_kd,pid_kp,pump,pump_manual,pump_phase,pump_stuck,radar_burst_ms,radar_on,radar_pause_ms,radar_speed,rc_age_ms,rc_ever_good,rudder_us,sats,session_id,speed_kts,uptime,wp_bearing,wp_dist_m,wp_lat,wp_lon,wp_set,wp_start_lat,wp_start_lon
2026-06-14T10:44:18.609Z,test_29-pool2.6-magcal2,true,0.00,15.83,false,false,false,false,false,none,1000,1000,1500,1609,1000,2.2,164.7,1720,false,off,1500,false,true,121.3,130.1,205408,38.846329,-77.162163,22.46,0,100,good,22.5,done,116,true,true,-39.53,-1.35,-20.33,22.30,MANUAL,false,8.00,3.00,false,false,off,false,3,false,200,25,6,true,1537,12,4204574309,0.2,495,,,,,false,,
2026-06-14T10:44:19.531Z,test_29-pool2.6-magcal2,true,-0.00,15.82,false,false,false,false,false,none,1000,1000,1500,1609,1000,2.2,164.7,1720,false,off,1500,false,true,120.6,129.4,205396,38.846329,-77.162163,22.46,0,100,good,22.5,done,116,true,true,-39.53,-1.35,-20.33,23.88,MANUAL,false,8.00,3.00,false,false,off,false,3,false,200,25,4,true,1537,12,4204574309,0.1,496,,,,,false,,
2026-06-14T10:44:20.480Z,test_29-pool2.6-magcal2,true,-0.00,15.83,false,false,false,false,false,none,1000,1000,1500,1609,1000,2.2,164.7,1720,false,off,1500,false,true,119.3,128.1,203248,38.846329,-77.162163,22.46,0,100,good,22.5,done,116,true,true,-39.53,-1.35,-20.33,23.27,MANUAL,true,8.00,3.00,false,false,off,false,3,false,200,25,3,true,1537,12,4204574309,0.2,497,,,,,false,,
2026-06-14T10:44:21.447Z,test_29-pool2.6-magcal2,true,0.00,15.84,false,false,false,false,false,none,1000,1000,1500,1609,1000,2.2,164.7,1720,false,off,1500,false,true,118.1,126.9,205408,38.846329,-77.162163,22.46,0,100,good,22.5,done,116,true,true,-39.53,-1.35,-20.33,23.81,MANUAL,true,8.00,3.00,false,false,off,false,3,false,200,25,7,true,1537,12,4204574309,0.1,498,,,,,false,,
2026-06-14T10:44:22.481Z,test_29-pool2.6-magcal2,true,0.00,15.84,false,false,false,false,false,none,1000,1000,1500,1609,1000,2.2,164.7,1720,false,off,1500,false,true,117.6,126.4,205412,38.846329,-77.162163,22.46,0,100,good,22.5,done,116,true,true,-39.53,-1.35,-20.33,23.26,MANUAL,true,8.00,3.00,false,false,off,false,3,false,200,25,8,true,1537,12,4204574309,0.1,499,,,,,false,,
2026-06-14T10:44:23.531Z,test_29-pool2.6-magcal2,true,0.00,15.83,false,false,false,false,false,none,1000,1000,1500,1609,1000,2.2,164.7,1720,false,off,1500,false,true,116.9,125.7,205404,38.846329,-77.162163,22.46,0,100,good,22.5,done,116,true,true,-39.53,-1.35,-20.33,23.17,MANUAL,true,8.00,3.00,false,false,off,false,3,false,200,25,4,true,1537,12,4204574309,0.1,500,,,,,false,,
2026-06-14T10:44:24.510Z,test_29-pool2.6-magcal2,true,0.00,15.84,false,false,false,false,false,none,1000,1000,1500,1609,1000,2.2,164.7,1720,false,off,1500,false,true,116.0,124.8,205396,38.846329,-77.162163,22.46,0,100,good,22.5,done,116,true,true,-39.53,-1.35,-20.33,22.05,MANUAL,true,8.00,3.00,false,false,off,false,3,false,200,25,3,true,1537,12,4204574309,0.1,501,,,,,false,,
2026-06-14T10:44:25.648Z,test_29-pool2.6-magcal2,true,0.00,15.83,false,false,false,false,false,none,1000,1000,1500,1609,1000,2.2,164.7,1720,false,off,1500,false,true,115.7,124.5,205392,38.846329,-77.162163,22.46,0,100,good,22.5,done,116,true,true,-39.53,-1.35,-20.33,23.17,MANUAL,true,8.00,3.00,false,false,off,false,3,false,200,25,3,true,1537,12,4204574309,0.1,502,,,,,false,,
2026-06-14T10:44:26.465Z,test_29-pool2.6-magcal2,true,0.00,15.84,false,false,false,false,false,none,1000,1000,1500,1609,1000,2.2,164.7,1720,false,off,1500,false,true,115.0,123.9,205408,38.846329,-77.162163,22.46,0,100,good,22.5,done,116,true,true,-39.53,-1.35,-20.33,22.98,MANUAL,true,8.00,3.00,false,false,off,false,3,false,200,25,8,true,1537,12,4204574309,0.0,503,,,,,false,,
2026-06-14T10:44:27.515Z,test_29-pool2.6-magcal2,true,0.00,15.83,false,false,false,false,false,none,1000,1000,1500,1609,1000,2.2,164.7,1720,false,off,1500,false,true,113.8,122.6,205424,38.846329,-77.162163,22.46,0,100,good,22.5,done,116,true,true,-39.53,-1.35,-20.33,23.09,MANUAL,true,8.00,3.00,false,false,off,false,3,false,200,25,5,true,1537,12,4204574309,0.1,504,,,,,false,,
2026-06-14T10:44:28.532Z,test_29-pool2.6-magcal2,true,0.00,15.83,false,false,false,false,false,none,1000,1000,1500,1609,1000,2.2,164.7,1720,false,off,1500,false,true,113.0,121.8,205412,38.846329,-77.162163,22.46,0,100,good,22.5,done,116,true,true,-39.53,-1.35,-20.33,21.43,MANUAL,true,8.00,3.00,false,false,off,false,3,false,200,25,8,true,1537,12,4204574309,0.1,505,,,,,false,,
2026-06-14T10:44:29.649Z,test_29-pool2.6-magcal2,true,-0.00,15.84,false,false,false,false,false,none,1000,1000,1500,1609,1000,2.2,164.7,1720,false,off,1500,false,true,112.1,120.9,205412,38.846329,-77.162163,22.46,0,100,good,22.5,done,116,true,true,-39.53,-1.35,-20.33,22.85,MANUAL,true,8.00,3.00,false,false,off,false,3,false,200,25,6,true,1537,12,4204574309,0.1,506,,,,,false,,
2026-06-14T10:44:30.482Z,test_29-pool2.6-magcal2,true,-0.00,15.84,false,false,false,false,false,none,1000,1000,1500,1609,1000,2.2,164.7,1720,false,off,1500,false,true,111.3,120.1,205400,38.846329,-77.162163,22.46,0,100,good,22.5,done,116,true,true,-39.53,-1.35,-20.33,22.37,MANUAL,true,8.00,3.00,false,false,off,false,3,false,200,25,7,true,1537,12,4204574309,0.2,507,,,,,false,,
2026-06-14T10:44:31.499Z,test_29-pool2.6-magcal2,true,0.00,15.84,false,false,false,false,false,none,1000,1000,1500,1609,1000,2.2,164.7,1720,false,off,1500,false,true,110.3,119.1,205416,38.846329,-77.162163,22.46,0,100,good,22.5,done,116,true,true,-39.53,-1.35,-20.33,21.85,MANUAL,true,8.00,3.00,false,false,off,false,3,false,200,25,9,true,1537,12,4204574309,0.1,508,,,,,false,,
2026-06-14T10:44:32.499Z,test_29-pool2.6-magcal2,true,0.00,15.84,false,false,false,false,false,none,1000,1000,1500,1609,1000,2.2,164.7,1720,false,off,1500,false,true,109.7,118.5,205400,38.846329,-77.162163,22.46,0,100,good,22.5,done,116,true,true,-39.53,-1.35,-20.33,22.93,MANUAL,true,8.00,3.00,false,false,off,false,3,false,200,25,3,true,1537,12,4204574309,0.1,509,,,,,false,,
2026-06-14T10:44:33.533Z,test_29-pool2.6-magcal2,true,0.00,15.83,false,false,false,false,false,none,1000,1000,1500,1609,1000,2.2,164.7,1720,false,off,1500,false,true,108.7,117.6,205380,38.846329,-77.162163,22.46,0,100,good,22.5,done,116,true,true,-39.53,-1.35,-20.33,23.01,MANUAL,true,8.00,3.00,false,false,off,false,3,false,200,25,8,true,1537,12,4204574309,0.0,510,,,,,false,,
2026-06-14T10:44:34.450Z,test_29-pool2.6-magcal2,true,0.00,15.84,false,false,false,false,false,none,1000,1000,1500,1609,1000,2.2,164.7,1720,false,off,1500,false,true,108.1,116.9,205392,38.846333,-77.162163,22.46,0,100,good,22.5,done,116,true,true,-39.53,-1.35,-20.33,23.19,MANUAL,true,8.00,3.00,false,false,off,false,3,false,200,25,3,true,1537,12,4204574309,0.2,511,203.5,3.3,38.846306,-77.162178,true,,
2026-06-14T10:44:35.500Z,test_29-pool2.6-magcal2,true,-0.00,15.84,false,false,false,false,false,none,1000,1000,1500,1609,1000,2.2,164.7,1720,false,off,1500,false,true,107.5,116.3,205388,38.846329,-77.162163,22.46,0,100,good,22.5,done,116,true,true,-39.53,-1.35,-20.33,23.55,MANUAL,true,8.00,3.00,false,false,off,false,3,false,200,25,7,true,1537,12,4204574309,0.1,512,206.4,2.9,38.846306,-77.162178,true,,
2026-06-14T10:44:36.500Z,test_29-pool2.6-magcal2,true,0.00,15.84,false,false,false,false,false,none,1000,1000,1500,1609,1000,2.2,164.7,1720,false,off,1500,false,true,106.6,115.4,205408,38.846329,-77.162163,22.46,0,100,good,22.5,done,116,true,true,-39.53,-1.35,-20.33,23.81,MANUAL,true,8.00,3.00,false,false,off,false,3,false,200,25,6,true,1537,12,4204574309,0.1,513,206.4,2.9,38.846306,-77.162178,true,,
2026-06-14T10:44:37.650Z,test_29-pool2.6-magcal2,true,0.00,15.84,false,false,false,false,false,none,1000,1000,1500,1609,1000,2.2,164.7,1720,false,off,1500,false,true,105.6,114.4,205408,38.846329,-77.162163,22.46,0,100,good,22.5,done,116,true,true,-39.53,-1.35,-20.33,22.32,MANUAL,true,8.00,3.00,false,false,off,false,3,false,200,25,3,true,1537,12,4204574309,0.1,514,206.4,2.9,38.846306,-77.162178,true,,
2026-06-14T10:44:38.567Z,test_29-pool2.6-magcal2,true,0.00,15.84,false,false,false,false,false,none,1000,1000,1500,1609,1000,2.2,164.7,1720,false,off,1500,false,true,104.9,113.8,205416,38.846329,-77.162163,22.46,0,100,good,22.5,done,116,true,true,-39.53,-1.35,-20.33,21.52,MANUAL,true,8.00,3.00,false,false,off,false,3,false,200,25,7,true,1537,12,4204574309,0.1,515,206.4,2.9,38.846306,-77.162178,true,,
2026-06-14T10:44:39.517Z,test_29-pool2.6-magcal2,true,0.00,15.82,false,false,false,false,false,none,1000,1000,1500,1608,1516,2.2,164.7,1720,false,off,1640,false,true,104.5,113.3,205400,38.846329,-77.162163,22.46,0,100,good,22.5,done,116,true,true,-39.53,-1.35,-20.33,20.93,MANUAL,true,8.00,3.00,false,false,off,false,3,false,200,25,7,true,1536,12,4204574309,0.1,516,206.4,2.9,38.846306,-77.162178,true,,
2026-06-14T10:44:40.501Z,test_29-pool2.6-magcal2,true,0.00,15.76,false,false,false,false,false,none,1000,1000,1500,1608,1570,2.2,164.7,1720,false,off,1659,false,true,104.2,113.0,205388,38.846329,-77.162163,22.46,0,100,good,22.5,done,116,true,true,-39.53,-1.35,-20.33,22.40,MANUAL,true,8.00,3.00,false,false,off,false,3,false,200,25,8,true,1536,12,4204574309,0.4,517,206.4,2.9,38.846306,-77.162178,true,,
2026-06-14T10:44:41.517Z,test_29-pool2.6-magcal2,true,0.00,15.81,false,false,false,false,false,none,1000,1000,1500,1615,1571,2.8,117.0,1720,false,off,1660,false,true,104.0,112.1,205408,38.846325,-77.162155,22.46,0,100,good,22.5,done,116,true,true,-39.53,-1.35,-20.33,22.56,MANUAL,true,8.00,3.00,false,false,off,false,3,false,200,25,3,true,1539,12,4204574309,1.1,518,223.5,2.9,38.846306,-77.162178,true,,
2026-06-14T10:44:42.751Z,test_29-pool2.6-magcal2,true,0.00,15.71,false,false,false,false,false,none,1000,1000,1500,1609,1570,3.1,106.5,1720,false,off,1659,false,true,101.0,108.9,205408,38.846321,-77.162148,22.46,0,100,good,22.5,done,116,true,true,-39.53,-1.35,-20.33,26.41,MANUAL,true,8.00,3.00,false,false,off,false,3,false,200,25,3,true,1537,12,4204574309,1.6,519,234.3,3.1,38.846306,-77.162178,true,,
2026-06-14T10:44:43.568Z,test_29-pool2.6-magcal2,true,0.00,15.75,false,false,false,false,false,none,1000,1000,1500,1609,1570,3.2,106.8,1720,false,off,1659,false,true,105.8,113.6,205404,38.846313,-77.162132,22.46,0,100,good,22.5,done,116,true,true,-39.53,-1.35,-20.33,22.22,MANUAL,true,8.00,3.00,false,false,off,false,3,false,200,25,8,true,1537,12,4204574309,1.8,520,254.0,4.1,38.846306,-77.162178,true,,
2026-06-14T10:44:44.484Z,test_29-pool2.6-magcal2,true,0.00,15.74,false,false,false,false,false,none,1000,1000,1500,1609,1570,3.2,109.0,1720,false,off,1659,false,true,109.8,117.6,205380,38.846310,-77.162117,22.46,0,100,good,22.5,done,116,true,true,-39.53,-1.35,-20.33,21.20,MANUAL,true,8.00,3.00,false,false,off,false,3,false,200,25,3,true,1537,12,4204574309,2.0,521,265.9,5.3,38.846306,-77.162178,true,,
2026-06-14T10:44:45.518Z,test_29-pool2.6-magcal2,true,0.00,15.73,false,false,false,false,false,none,1000,1000,1501,1608,1570,3.0,110.6,1720,false,off,1659,false,true,115.8,123.8,205384,38.846306,-77.162109,22.46,0,100,good,22.5,done,116,true,true,-39.53,-1.35,-20.33,23.82,MANUAL,true,8.00,3.00,false,false,off,false,3,false,200,25,7,true,1536,12,4204574309,2.0,522,270.0,5.9,38.846306,-77.162178,true,,
2026-06-14T10:44:46.452Z,test_29-pool2.6-magcal2,true,0.00,15.75,false,false,false,false,false,none,1000,1000,1500,1610,1570,2.7,112.9,1720,false,off,1659,false,true,118.0,126.3,205256,38.846302,-77.162094,22.46,0,100,good,22.5,done,116,true,true,-39.53,-1.35,-20.33,22.97,MANUAL,true,8.00,3.00,false,false,off,false,3,false,200,25,3,true,1537,12,4204574309,2.0,523,274.5,7.3,38.846306,-77.162178,true,,
2026-06-14T10:44:47.485Z,test_29-pool2.6-magcal2,true,0.00,15.74,false,false,false,false,false,none,1000,1000,1500,1609,1571,2.5,113.9,1720,false,off,1660,false,true,116.4,124.9,205408,38.846298,-77.162079,22.46,0,100,good,22.5,done,116,true,true,-39.53,-1.35,-20.33,23.59,MANUAL,true,8.00,3.00,false,false,off,false,3,false,200,25,5,true,1537,12,4204574309,2.1,524,277.6,8.6,38.846306,-77.162178,true,,
2026-06-14T10:44:48.502Z,test_29-pool2.6-magcal2,true,0.00,15.71,false,false,false,false,false,none,1000,1000,1501,1580,1571,2.5,114.7,1720,false,off,1659,false,true,115.3,123.8,205408,38.846291,-77.162071,22.46,0,100,good,22.5,done,116,true,true,-39.53,-1.35,-20.33,21.15,MANUAL,true,8.00,3.00,false,false,off,false,3,false,200,25,2,true,1527,12,4204574309,2.0,525,279.3,9.4,38.846306,-77.162178,true,,
2026-06-14T10:44:49.502Z,test_29-pool2.6-magcal2,true,0.00,15.74,false,false,false,false,false,none,1000,1000,1500,1609,1571,2.3,114.7,1720,false,off,1660,false,true,118.5,127.1,205408,38.846287,-77.162056,22.46,0,100,good,22.5,done,116,true,true,-39.53,-1.35,-20.33,18.80,MANUAL,true,8.00,3.00,false,false,off,false,3,false,200,25,9,true,1537,12,4204574309,2.0,526,280.2,10.8,38.846306,-77.162178,true,,
2026-06-14T10:44:50.636Z,test_29-pool2.6-magcal2,true,0.00,15.73,false,false,false,false,false,none,1000,1000,1500,1609,1571,2.1,112.3,1720,false,off,1660,false,true,115.9,124.8,205388,38.846283,-77.162041,22.46,0,100,good,22.5,done,116,true,true,-39.53,-1.35,-20.33,20.96,MANUAL,true,8.00,3.00,false,false,off,false,3,false,200,25,9,true,1537,12,4204574309,2.1,527,280.0,12.2,38.846306,-77.162178,true,,
2026-06-14T10:44:51.486Z,test_29-pool2.6-magcal2,true,0.00,15.71,false,false,false,false,false,none,1000,1000,1500,1609,1570,2.0,111.0,1720,false,off,1659,false,true,114.1,123.2,205408,38.846279,-77.162033,22.46,0,100,good,22.5,done,116,true,true,-39.53,-1.35,-20.33,22.68,MANUAL,true,8.00,3.00,false,false,off,false,3,false,200,25,8,true,1537,12,4204574309,2.0,528,,,,,false,,
2026-06-14T10:44:52.503Z,test_29-pool2.6-magcal2,true,0.00,15.70,false,false,false,false,false,none,1000,1000,1500,1609,1570,1.8,110.2,1720,false,off,1659,false,true,113.0,122.2,205416,38.846272,-77.162018,22.46,0,100,good,22.5,done,116,true,true,-39.53,-1.35,-20.33,23.89,MANUAL,true,8.00,3.00,false,false,off,false,3,false,200,25,4,true,1537,12,4204574309,2.1,529,,,,,false,,
2026-06-14T10:44:53.503Z,test_29-pool2.6-magcal2,true,0.00,15.74,false,false,false,false,false,none,1000,1000,1500,1609,1571,1.7,110.5,1720,false,off,1660,false,true,112.9,122.2,205420,38.846268,-77.162003,22.46,0,100,good,22.5,done,116,true,true,-39.53,-1.35,-20.33,22.45,MANUAL,true,8.00,3.00,false,false,off,false,3,false,200,25,7,true,1537,12,4204574309,2.1,530,310.1,12.8,38.846340,-77.162117,true,,
2026-06-14T10:44:54.553Z,test_29-pool2.6-magcal2,true,0.00,15.68,false,false,false,false,false,none,1000,1000,1499,1610,1570,1.6,110.6,1720,false,off,1659,false,true,112.6,122.0,205384,38.846264,-77.161995,22.46,0,100,good,22.5,done,116,true,true,-39.53,-1.35,-20.33,20.98,MANUAL,true,8.00,3.00,false,false,off,false,3,false,200,25,2,true,1537,12,4204574309,2.1,531,308.9,13.6,38.846340,-77.162117,true,,
2026-06-14T10:44:55.553Z,test_29-pool2.6-magcal2,true,0.00,15.70,false,false,false,false,false,none,1000,1000,1500,1609,1570,1.5,110.6,1720,false,off,1659,false,true,112.9,122.4,205396,38.846260,-77.161980,22.46,0,100,good,22.5,done,116,true,true,-39.53,-1.35,-20.33,22.09,MANUAL,true,8.00,3.00,false,false,off,false,3,false,200,25,9,true,1537,12,4204574309,2.1,532,306.9,14.9,38.846340,-77.162117,true,,
2026-06-14T10:44:56.570Z,test_29-pool2.6-magcal2,true,0.00,15.71,false,false,false,false,false,none,1000,1000,1500,1609,1571,1.3,109.1,1720,false,off,1660,false,true,112.7,122.4,205400,38.846256,-77.161964,22.46,0,100,good,22.5,done,116,true,true,-39.53,-1.35,-20.33,21.04,MANUAL,true,8.00,3.00,false,false,off,false,3,false,200,25,4,true,1537,12,4204574309,2.1,533,304.6,16.2,38.846340,-77.162117,true,,
2026-06-14T10:44:57.503Z,test_29-pool2.6-magcal2,true,0.00,15.75,false,false,false,false,false,none,1000,1000,1500,1609,1570,1.1,109.7,1720,false,off,1659,false,true,112.4,122.2,205388,38.846252,-77.161957,22.46,0,100,good,22.5,done,116,true,true,-39.53,-1.35,-20.33,22.73,MANUAL,true,8.00,3.00,false,false,off,false,3,false,200,25,6,true,1537,12,4204574309,2.1,534,305.4,17.0,38.846340,-77.162117,true,,
2026-06-14T10:44:58.637Z,test_29-pool2.6-magcal2,true,0.00,15.80,false,false,false,false,false,none,1000,1000,1500,1609,1570,1.0,110.0,1720,false,off,1659,false,true,112.6,122.6,205408,38.846249,-77.161942,22.46,0,100,good,22.5,done,116,true,true,-39.53,-1.35,-20.33,22.24,MANUAL,true,8.00,3.00,false,false,off,false,3,false,200,25,7,true,1537,12,4204574309,2.1,535,304.0,18.3,38.846340,-77.162117,true,,
2026-06-14T10:44:59.570Z,test_29-pool2.6-magcal2,true,0.00,15.78,false,false,false,false,false,none,1000,1000,1500,1609,1571,0.9,110.1,1720,false,off,1660,false,true,112.3,122.4,205400,38.846245,-77.161934,22.46,0,100,good,22.5,done,116,true,true,-39.53,-1.35,-20.33,22.39,MANUAL,true,8.00,3.00,false,false,off,false,3,false,200,25,9,true,1537,12,4204574309,2.1,536,304.8,19.1,38.846340,-77.162117,true,,
2026-06-14T10:45:00.487Z,test_29-pool2.6-magcal2,true,0.00,15.72,false,false,false,false,false,none,1000,1000,1500,1609,1571,0.8,109.8,1720,false,off,1659,false,true,111.8,122.1,203264,38.846241,-77.161919,22.46,0,100,good,22.5,done,116,true,true,-39.53,-1.35,-20.33,21.76,MANUAL,true,8.00,3.00,false,false,off,false,3,false,200,25,4,true,1537,12,4204574309,2.0,537,269.2,27.1,38.846237,-77.162231,true,,
2026-06-14T10:45:01.637Z,test_29-pool2.6-magcal2,true,0.00,15.76,false,false,false,false,false,none,1000,1000,1500,1609,1571,0.6,108.7,1720,false,off,1660,false,true,112.1,122.5,205412,38.846237,-77.161911,22.46,0,100,good,22.5,done,116,true,true,-39.53,-1.35,-20.33,21.63,MANUAL,true,8.00,3.00,false,false,off,false,3,false,200,25,2,true,1537,12,4204574309,2.0,538,270.0,27.8,38.846237,-77.162231,true,,
2026-06-14T10:45:02.571Z,test_29-pool2.6-magcal2,true,0.00,15.80,false,false,false,false,false,none,1000,1000,1500,1609,1571,0.5,109.3,1720,false,off,1660,false,true,112.4,123.0,203656,38.846233,-77.161896,22.46,0,100,good,22.5,done,116,true,true,-39.53,-1.35,-20.33,22.28,MANUAL,true,8.00,3.00,false,false,off,false,3,false,200,25,5,true,1537,12,4204574309,2.0,539,256.7,26.4,38.846180,-77.162193,true,,
2026-06-14T10:45:03.571Z,test_29-pool2.6-magcal2,true,0.00,15.74,false,false,false,false,false,none,1000,1000,1500,1609,1570,0.4,111.2,1720,false,off,1659,false,true,112.1,122.7,205412,38.846230,-77.161888,22.46,0,100,good,22.5,done,116,true,true,-39.53,-1.35,-20.33,22.59,MANUAL,true,8.00,3.00,false,false,off,false,3,false,200,25,8,true,1537,12,4204574309,2.1,540,257.4,27.0,38.846180,-77.162193,true,,
2026-06-14T10:45:04.571Z,test_29-pool2.6-magcal2,true,0.00,15.74,false,false,false,false,false,none,1000,1000,1500,1699,1570,0.3,111.1,1720,false,off,1662,false,true,112.1,122.8,205392,38.846226,-77.161873,22.46,0,100,good,22.5,done,116,true,true,-39.53,-1.35,-20.33,21.28,MANUAL,true,8.00,3.00,false,false,off,false,3,false,200,25,5,true,1568,12,4204574309,2.1,541,259.5,28.2,38.846180,-77.162193,true,,
2026-06-14T10:45:05.488Z,test_29-pool2.6-magcal2,true,-0.00,15.74,false,false,false,false,false,none,1000,1000,1500,1611,1570,0.4,111.3,1720,false,off,1659,false,true,110.2,120.9,205384,38.846222,-77.161865,22.46,0,100,good,22.5,done,116,true,true,-39.53,-1.35,-20.33,23.94,MANUAL,true,8.00,3.00,false,false,off,false,3,false,200,25,5,true,1537,12,4204574309,2.2,542,260.1,28.8,38.846180,-77.162193,true,,
2026-06-14T10:45:06.622Z,test_29-pool2.6-magcal2,true,0.00,15.72,false,false,false,false,false,none,1000,1000,1500,1609,1571,0.4,114.3,1720,false,off,1659,false,true,113.4,123.9,205392,38.846218,-77.161850,22.46,0,100,good,22.5,done,116,true,true,-39.53,-1.35,-20.33,22.52,MANUAL,true,8.00,3.00,false,false,off,false,3,false,200,25,3,true,1537,12,4204574309,2.1,543,260.9,30.0,38.846180,-77.162193,true,,
2026-06-14T10:45:07.788Z,test_29-pool2.6-magcal2,true,0.00,15.73,false,false,false,false,false,none,1000,1000,1489,1896,1570,0.5,116.4,1720,false,off,1668,false,true,115.8,126.4,205400,38.846214,-77.161842,22.46,0,100,good,22.5,done,116,true,true,-39.53,-1.35,-20.33,22.80,MANUAL,true,8.00,3.00,false,false,off,false,3,false,200,25,9,true,1634,12,4204574309,2.0,544,262.5,30.6,38.846180,-77.162193,true,,
2026-06-14T10:45:08.572Z,test_29-pool2.6-magcal2,true,0.00,15.70,false,false,false,false,false,none,1000,1000,1497,2000,1570,0.8,120.2,1720,false,off,1671,false,true,113.0,123.2,205388,38.846210,-77.161827,22.46,0,100,good,22.5,done,116,true,true,-39.53,-1.35,-20.33,23.88,MANUAL,true,8.00,3.00,false,false,off,false,3,false,200,25,7,true,1670,12,4204574309,2.0,545,264.2,31.9,38.846180,-77.162193,true,,
2026-06-14T10:45:09.838Z,test_29-pool2.6-magcal2,true,0.00,15.80,false,false,false,false,false,none,1000,1000,1496,1975,1571,0.8,125.2,1720,false,off,1672,false,true,120.8,131.0,205192,38.846203,-77.161819,22.46,0,100,good,22.5,done,116,true,true,-39.53,-1.35,-20.33,21.71,MANUAL,true,8.00,3.00,false,false,off,false,3,false,200,25,4,true,1661,12,4204574309,1.7,546,265.0,32.5,38.846180,-77.162193,true,,
2026-06-14T10:45:10.556Z,test_29-pool2.6-magcal2,true,-0.00,15.76,false,false,false,false,false,none,1000,1000,1500,1609,1570,0.8,141.5,1720,false,off,1659,false,true,131.5,141.8,205396,38.846199,-77.161819,22.46,0,100,good,22.5,done,116,true,true,-39.53,-1.35,-20.33,20.90,MANUAL,true,8.00,3.00,false,false,off,false,3,false,200,25,7,true,1537,12,4204574309,1.6,547,266.0,32.4,38.846180,-77.162193,true,,
2026-06-14T10:45:11.756Z,test_29-pool2.6-magcal2,true,0.00,15.70,false,false,false,false,false,none,1000,1000,1500,1609,1571,0.8,157.6,1720,false,off,1660,false,true,164.1,174.4,205404,38.846191,-77.161819,22.46,0,100,good,22.5,done,116,true,true,-39.53,-1.35,-20.33,20.68,MANUAL,true,8.00,3.00,false,false,off,false,3,false,200,25,7,true,1537,12,4204574309,1.5,548,267.6,32.4,38.846180,-77.162193,true,,
2026-06-14T10:45:12.689Z,test_29-pool2.6-magcal2,true,0.00,15.82,false,false,false,false,false,none,1000,1000,1500,1609,1393,0.8,181.9,1720,false,off,1599,false,true,179.7,189.9,205404,38.846184,-77.161819,22.46,0,100,good,22.5,done,116,true,true,-39.53,-1.35,-20.33,19.15,MANUAL,true,8.00,3.00,false,false,off,false,3,false,200,25,7,true,1537,12,4204574309,1.8,549,268.7,32.4,38.846180,-77.162193,true,,
2026-06-14T10:45:13.689Z,test_29-pool2.6-magcal2,true,-0.00,15.82,false,false,false,false,false,none,1000,1000,1500,1822,1393,0.8,189.8,1720,false,off,1603,false,true,188.6,198.8,205404,38.846176,-77.161819,22.46,0,100,good,22.5,done,116,true,true,-39.53,-1.35,-20.33,19.32,MANUAL,true,8.00,3.00,false,false,off,false,3,false,200,25,3,true,1609,12,4204574309,1.7,550,270.3,32.4,38.846180,-77.162193,true,,
2026-06-14T10:45:15.023Z,test_29-pool2.6-magcal2,true,0.00,15.78,false,false,false,false,false,none,1000,1000,1500,1948,1595,1.0,195.6,1720,false,off,1680,false,true,194.5,204.6,205392,38.846172,-77.161827,22.46,0,100,good,22.5,done,116,true,true,-39.53,-1.35,-20.33,18.15,MANUAL,true,8.00,3.00,false,false,off,false,3,false,200,25,4,true,1652,12,4204574309,1.4,551,271.4,31.7,38.846180,-77.162193,true,,
2026-06-14T10:45:15.490Z,test_29-pool2.6-magcal2,true,0.00,15.71,false,false,false,false,false,none,1000,1000,1499,1941,1595,1.5,205.0,1720,false,off,1679,false,true,196.5,206.0,205376,38.846165,-77.161835,22.46,0,100,good,22.5,done,116,true,true,-39.53,-1.35,-20.33,15.12,MANUAL,true,8.00,3.00,false,false,off,false,3,false,200,25,4,true,1649,12,4204574309,1.4,552,272.8,31.1,38.846180,-77.162193,true,,
2026-06-14T10:45:16.707Z,test_29-pool2.6-magcal2,true,0.00,15.74,false,false,false,false,false,none,1000,1000,1500,1928,1596,1.5,223.8,1720,false,off,1679,false,true,222.0,231.6,205384,38.846161,-77.161835,22.46,0,100,good,22.5,done,116,true,true,-39.53,-1.35,-20.33,13.17,MANUAL,true,8.00,3.00,false,false,off,false,3,false,200,25,3,true,1648,12,4204574309,1.4,553,273.8,31.1,38.846180,-77.162193,true,,
2026-06-14T10:45:17.523Z,test_29-pool2.6-magcal2,true,0.00,15.78,false,false,false,false,false,none,1000,1000,1500,1609,1595,1.5,246.9,1720,false,off,1668,false,true,245.9,255.5,205380,38.846161,-77.161850,22.46,0,100,good,22.5,done,116,true,true,-39.53,-1.35,-20.33,15.41,MANUAL,true,8.00,3.00,false,false,off,false,3,false,200,25,3,true,1537,12,4204574309,1.5,554,274.0,29.8,38.846180,-77.162193,true,,
2026-06-14T10:45:19.240Z,test_29-pool2.6-magcal2,true,0.00,15.82,false,false,false,false,false,none,1000,1000,1500,1212,1000,1.5,282.7,1720,false,off,1500,false,true,293.0,302.6,205396,38.846165,-77.161865,22.46,0,100,good,22.5,done,116,true,true,-39.53,-1.35,-20.33,17.32,MANUAL,true,8.00,3.00,false,false,off,false,3,false,200,25,3,true,1402,12,4204574309,1.3,555,273.1,28.5,38.846180,-77.162193,true,,
2026-06-14T10:45:19.523Z,test_29-pool2.6-magcal2,true,0.00,15.82,false,false,false,false,false,none,1000,1000,1501,1300,1000,1.5,282.7,1720,false,off,1500,false,true,297.3,306.9,205388,38.846165,-77.161865,22.46,0,100,good,22.5,done,116,true,true,-39.53,-1.35,-20.33,18.38,MANUAL,true,8.00,3.00,false,false,off,false,3,false,200,25,5,true,1432,12,4204574309,1.3,556,273.1,28.5,38.846180,-77.162193,true,,
2026-06-14T10:45:20.540Z,test_29-pool2.6-magcal2,true,0.00,15.83,false,false,false,false,false,none,1000,1000,1500,1609,1000,1.5,288.9,1720,false,off,1500,false,true,305.1,314.6,205388,38.846165,-77.161873,22.46,0,100,good,22.5,done,116,true,true,-39.53,-1.35,-20.33,17.21,MANUAL,true,8.00,3.00,false,false,off,false,3,false,200,25,9,true,1537,12,4204574309,1.0,557,273.1,27.8,38.846180,-77.162193,true,,
2026-06-14T10:45:21.474Z,test_29-pool2.6-magcal2,true,0.00,15.83,false,false,false,false,false,none,1000,1000,1500,1609,1000,1.5,294.2,1720,false,off,1500,false,true,306.8,316.4,205384,38.846169,-77.161873,22.46,0,100,good,22.5,done,116,true,true,-39.53,-1.35,-20.33,18.34,MANUAL,true,8.00,3.00,false,false,off,false,3,false,200,25,8,true,1537,12,4204574309,1.0,558,272.4,27.8,38.846180,-77.162193,true,,
2026-06-14T10:45:22.590Z,test_29-pool2.6-magcal2,true,0.00,15.82,false,false,false,false,false,none,1000,1000,1500,1609,1000,1.5,297.2,1720,false,off,1500,false,true,307.7,317.3,205404,38.846169,-77.161880,22.46,0,100,good,22.5,done,116,true,true,-39.53,-1.35,-20.33,18.49,MANUAL,true,8.00,3.00,false,false,off,false,3,false,200,25,6,true,1537,12,4204574309,0.8,559,272.4,27.1,38.846180,-77.162193,true,,
2026-06-14T10:45:23.541Z,test_29-pool2.6-magcal2,true,0.00,15.83,false,false,false,false,false,none,1000,1000,1500,1609,1000,1.5,299.6,1720,false,off,1500,false,true,308.4,317.9,205372,38.846172,-77.161880,22.46,0,100,good,22.5,done,116,true,true,-39.53,-1.35,-20.33,18.57,MANUAL,true,8.00,3.00,false,false,off,false,3,false,200,25,3,true,1537,12,4204574309,0.8,560,271.6,27.1,38.846180,-77.162193,true,,
2026-06-14T10:45:24.541Z,test_29-pool2.6-magcal2,true,0.00,15.83,false,false,false,false,false,none,1000,1000,1500,1609,1000,1.5,301.7,1720,false,off,1500,false,true,308.9,318.4,205384,38.846172,-77.161888,22.46,0,100,good,22.5,done,116,true,true,-39.53,-1.35,-20.33,19.93,MANUAL,true,8.00,3.00,false,false,off,false,3,false,200,25,8,true,1537,12,4204574309,0.8,561,271.6,26.4,38.846180,-77.162193,true,,
2026-06-14T10:45:25.591Z,test_29-pool2.6-magcal2,true,0.00,15.83,false,false,false,false,false,none,1000,1000,1500,1609,1000,1.5,301.2,1720,false,off,1500,false,true,309.4,318.9,205400,38.846176,-77.161888,22.46,0,100,good,22.5,done,116,true,true,-39.53,-1.35,-20.33,20.15,MANUAL,true,8.00,3.00,false,false,off,false,3,false,200,25,8,true,1537,12,4204574309,0.6,562,270.4,26.4,38.846180,-77.162193,true,,
2026-06-14T10:45:26.508Z,test_29-pool2.6-magcal2,true,0.00,15.60,false,false,false,false,false,none,1000,2000,1500,1609,1000,1.5,297.9,1720,false,off,1698,false,true,316.1,325.6,205376,38.846176,-77.161896,22.46,0,100,good,22.5,done,116,true,true,-39.53,-1.35,-20.33,12.94,AUTO,true,8.00,3.00,false,false,off,false,3,false,200,25,7,true,1330,12,4204574309,0.9,563,270.4,25.8,38.846180,-77.162193,true,38.846176,-77.161888
2026-06-14T10:45:27.508Z,test_29-pool2.6-magcal2,true,0.00,15.82,false,false,false,false,false,none,1000,1000,1500,1609,1000,1.5,292.3,1720,false,off,1500,false,true,295.3,304.9,205392,38.846180,-77.161903,22.46,0,100,good,22.5,done,116,true,true,-39.53,-1.35,-20.33,19.95,MANUAL,true,8.00,3.00,false,false,off,false,3,false,200,25,5,true,1537,12,4204574309,1.7,564,270.0,25.1,38.846180,-77.162193,true,38.846176,-77.161888
2026-06-14T10:45:28.525Z,test_29-pool2.6-magcal2,true,0.00,15.82,false,false,false,false,false,none,1000,1000,1500,1609,1000,1.5,287.0,1720,false,off,1500,false,true,273.7,283.2,205400,38.846180,-77.161911,22.46,0,100,good,22.5,done,116,true,true,-39.53,-1.35,-20.33,24.58,MANUAL,true,8.00,3.00,false,false,off,false,3,false,200,25,3,true,1537,12,4204574309,1.2,565,270.0,24.4,38.846180,-77.162193,true,38.846176,-77.161888
2026-06-14T10:45:29.458Z,test_29-pool2.6-magcal2,true,0.00,15.82,false,false,false,false,false,none,1000,1000,1500,1609,1000,1.5,275.1,1720,false,off,1500,false,true,260.4,269.9,205388,38.846180,-77.161919,22.46,0,100,good,22.5,done,116,true,true,-39.53,-1.35,-20.33,21.38,MANUAL,true,8.00,3.00,false,false,off,false,3,false,200,25,10,true,1537,12,4204574309,0.9,566,270.0,23.8,38.846180,-77.162193,true,38.846176,-77.161888
2026-06-14T10:45:30.509Z,test_29-pool2.6-magcal2,true,0.00,15.83,false,false,false,false,false,none,1000,1000,1500,1609,1000,1.5,261.8,1720,false,off,1500,false,true,250.6,260.1,205416,38.846180,-77.161919,22.46,0,100,good,22.5,done,116,true,true,-39.53,-1.35,-20.33,19.74,MANUAL,true,8.00,3.00,false,false,off,false,3,false,200,25,8,true,1537,12,4204574309,0.8,567,270.0,23.8,38.846180,-77.162193,true,38.846176,-77.161888
2026-06-14T10:45:31.509Z,test_29-pool2.6-magcal2,true,0.00,15.83,false,false,false,false,false,none,1000,1000,1500,1609,1000,1.5,255.6,1720,false,off,1500,false,true,243.7,253.3,205392,38.846176,-77.161926,22.46,0,100,good,22.5,done,116,true,true,-39.53,-1.35,-20.33,17.43,MANUAL,true,8.00,3.00,false,false,off,false,3,false,200,25,9,true,1537,12,4204574309,0.7,568,270.5,23.1,38.846180,-77.162193,true,38.846176,-77.161888
2026-06-14T10:45:32.659Z,test_29-pool2.6-magcal2,true,0.00,15.82,false,false,false,false,false,none,1000,1000,1500,1609,1000,1.5,254.3,1660,false,off,1500,false,true,238.4,247.9,205180,38.846176,-77.161934,22.46,0,100,good,22.5,done,116,true,true,-39.53,-1.35,-20.33,19.21,MANUAL,true,8.00,3.00,false,false,off,false,3,false,200,25,8,true,1537,12,4204574309,0.6,569,270.5,22.5,38.846180,-77.162193,true,38.846176,-77.161888
2026-06-14T10:45:33.559Z,test_29-pool2.6-magcal2,true,0.00,15.83,false,false,false,false,false,none,1000,1000,1500,1609,1000,1.5,254.3,1660,false,off,1500,false,true,235.0,244.6,205380,38.846172,-77.161934,22.46,0,100,good,22.5,done,116,true,true,-39.53,-1.35,-20.33,18.63,MANUAL,true,8.00,3.00,false,false,off,false,3,false,200,25,4,true,1537,12,4204574309,0.6,570,271.9,22.5,38.846180,-77.162193,true,38.846176,-77.161888
2026-06-14T10:45:34.576Z,test_29-pool2.6-magcal2,true,-0.00,15.76,false,false,false,false,false,none,1000,2000,1500,1609,1000,1.5,254.3,1660,false,off,1676,false,true,231.1,240.6,205404,38.846172,-77.161934,22.46,0,100,good,22.5,done,116,true,true,-39.53,-1.35,-20.33,22.04,AUTO,true,8.00,3.00,false,false,off,false,3,false,200,25,9,true,1670,12,4204574309,0.5,571,271.9,22.5,38.846180,-77.162193,true,38.846172,-77.161934
2026-06-14T10:45:35.493Z,test_29-pool2.6-magcal2,true,0.00,15.71,false,false,false,false,false,none,1000,2000,1500,1609,1000,1.5,239.2,1660,false,off,1676,false,true,222.2,231.7,205392,38.846169,-77.161942,22.46,0,100,good,22.5,done,116,true,true,-39.53,-1.35,-20.33,17.84,AUTO,true,8.00,3.00,false,false,off,false,3,false,200,25,5,true,1670,12,4204574309,0.9,572,273.0,21.8,38.846180,-77.162193,true,38.846172,-77.161934
2026-06-14T10:45:36.709Z,test_29-pool2.6-magcal2,true,0.00,15.70,false,false,false,false,false,none,1000,2000,1500,1609,1000,1.5,247.8,1660,false,off,1650,false,true,242.0,251.5,205380,38.846169,-77.161949,22.46,0,100,good,22.5,done,116,true,true,-39.53,-1.35,-20.33,12.74,AUTO,true,8.00,3.00,false,false,off,false,3,false,200,25,8,true,1387,12,4204574309,1.1,573,273.1,21.2,38.846180,-77.162193,true,38.846172,-77.161934
2026-06-14T10:45:37.576Z,test_29-pool2.6-magcal2,true,0.00,15.68,false,false,false,false,false,none,1000,2000,1500,1609,1000,1.5,257.3,1660,false,off,1660,false,true,261.0,270.5,205384,38.846169,-77.161957,22.46,0,100,good,22.5,done,116,true,true,-39.53,-1.35,-20.33,20.77,AUTO,true,8.00,3.00,false,false,off,false,3,false,200,25,4,true,1492,12,4204574309,1.3,574,273.2,20.5,38.846180,-77.162193,true,38.846172,-77.161934
2026-06-14T10:45:38.560Z,test_29-pool2.6-magcal2,true,0.00,15.75,false,false,false,false,false,none,1000,2000,1500,1609,1000,1.5,253.5,1660,false,off,1676,false,true,248.6,258.1,205404,38.846165,-77.161964,22.46,0,100,good,22.5,done,116,true,true,-39.53,-1.35,-20.33,23.27,AUTO,true,8.00,3.00,false,false,off,false,3,false,200,25,9,true,1670,12,4204574309,1.5,575,274.4,19.9,38.846180,-77.162193,true,38.846172,-77.161934
2026-06-14T10:45:39.493Z,test_29-pool2.6-magcal2,true,0.00,15.77,false,false,false,false,false,none,1000,2000,1500,1609,1000,1.9,246.4,1660,false,off,1670,false,true,238.3,247.4,205404,38.846161,-77.161972,22.46,0,100,good,22.5,done,116,true,true,-39.53,-1.35,-20.33,15.99,AUTO,true,8.00,3.00,false,false,off,false,3,false,200,25,5,true,1605,12,4204574309,1.6,576,276.2,19.3,38.846180,-77.162193,true,38.846172,-77.161934
2026-06-14T10:45:40.510Z,test_29-pool2.6-magcal2,true,-0.00,15.73,false,false,false,false,false,none,1000,2000,1500,1609,1000,1.9,252.4,1660,false,off,1648,false,true,264.4,273.5,205400,38.846161,-77.161980,22.46,0,100,good,22.5,done,116,true,true,-39.53,-1.35,-20.33,19.59,AUTO,true,8.00,3.00,false,false,off,false,3,false,200,25,4,true,1374,12,4204574309,1.6,577,276.4,18.6,38.846180,-77.162193,true,38.846172,-77.161934
2026-06-14T10:45:41.560Z,test_29-pool2.6-magcal2,true,0.00,15.72,false,false,false,false,false,none,1000,2000,1500,1609,1000,1.3,256.6,1660,false,off,1676,false,true,266.4,276.1,205396,38.846161,-77.161995,22.46,0,100,good,22.5,done,116,true,true,-39.53,-1.35,-20.33,24.32,AUTO,true,8.00,3.00,false,false,off,false,3,false,200,25,5,true,1670,12,4204574309,1.6,578,276.9,17.3,38.846180,-77.162193,true,38.846172,-77.161934
2026-06-14T10:45:42.560Z,test_29-pool2.6-magcal2,true,0.00,15.74,false,false,false,false,false,none,1000,2000,1500,1609,1000,1.3,253.1,1660,false,off,1673,false,true,247.8,257.5,205380,38.846157,-77.162003,22.46,0,100,good,22.5,done,116,true,true,-39.53,-1.35,-20.33,12.91,AUTO,true,8.00,3.00,false,false,off,false,3,false,200,25,7,true,1643,12,4204574309,1.7,579,278.5,16.7,38.846180,-77.162193,true,38.846172,-77.161934
2026-06-14T10:45:43.577Z,test_29-pool2.6-magcal2,true,0.00,15.75,false,false,false,false,false,none,1000,2000,1500,1609,1000,1.3,260.1,1660,false,off,1644,false,true,267.8,277.5,205376,38.846161,-77.162010,22.46,0,100,good,22.5,done,116,true,true,-39.53,-1.35,-20.33,13.79,AUTO,true,8.00,3.00,false,false,off,false,3,false,200,25,9,true,1330,12,4204574309,1.6,580,277.5,16.0,38.846180,-77.162193,true,38.846172,-77.161934
2026-06-14T10:45:44.494Z,test_29-pool2.6-magcal2,true,0.00,15.70,false,false,false,false,false,none,1000,2000,1500,1609,1000,0.8,268.1,1660,false,off,1667,false,true,275.8,285.9,205376,38.846161,-77.162025,22.46,0,100,good,22.5,done,116,true,true,-39.53,-1.35,-20.33,21.25,AUTO,true,8.00,3.00,false,false,off,false,3,false,200,25,8,true,1579,12,4204574309,1.6,581,278.2,14.7,38.846180,-77.162193,true,38.846172,-77.161934
2026-06-14T10:45:45.627Z,test_29-pool2.6-magcal2,true,0.00,15.73,false,false,false,false,false,none,1000,2000,1500,1609,1000,0.8,264.7,1660,false,off,1676,false,true,254.6,264.8,205376,38.846161,-77.162033,22.46,0,100,good,22.5,done,116,true,true,-39.53,-1.35,-20.33,16.56,AUTO,true,8.00,3.00,false,false,off,false,3,false,200,25,3,true,1670,12,4204574309,1.7,582,278.6,14.0,38.846180,-77.162193,true,38.846172,-77.161934
2026-06-14T10:45:46.544Z,test_29-pool2.6-magcal2,true,0.00,15.76,false,false,false,false,false,none,1000,2000,1500,1609,1000,0.8,266.9,1660,false,off,1653,false,true,270.2,280.4,205376,38.846161,-77.162041,22.46,0,100,good,22.5,done,116,true,true,-39.53,-1.35,-20.33,13.24,AUTO,true,8.00,3.00,false,false,off,false,3,false,200,25,9,true,1423,12,4204574309,1.6,583,279.0,13.4,38.846180,-77.162193,true,38.846172,-77.161934
2026-06-14T10:45:47.511Z,test_29-pool2.6-magcal2,true,0.00,15.79,false,false,false,false,false,none,1000,2000,1500,1609,1000,0.6,275.4,1660,false,off,1660,false,true,279.9,290.3,205376,38.846165,-77.162056,22.46,0,100,good,22.5,done,116,true,true,-39.53,-1.35,-20.33,21.05,AUTO,true,8.00,3.00,false,false,off,false,3,false,200,25,2,true,1492,12,4204574309,1.7,584,277.3,12.0,38.846180,-77.162193,true,38.846172,-77.161934
2026-06-14T10:45:48.495Z,test_29-pool2.6-magcal2,true,-0.00,15.72,false,false,false,false,false,none,1000,2000,1500,1609,1000,0.6,269.6,1660,false,off,1676,false,true,260.6,271.0,205376,38.846165,-77.162064,22.46,0,100,good,22.5,done,116,true,true,-39.53,-1.35,-20.33,21.51,AUTO,true,8.00,3.00,false,false,off,false,3,false,200,25,6,true,1670,12,4204574309,1.8,585,277.7,11.4,38.846180,-77.162193,true,38.846172,-77.161934
2026-06-14T10:45:49.545Z,test_29-pool2.6-magcal2,true,-0.00,15.69,false,false,false,false,false,none,1000,2000,1500,1609,1000,0.6,267.3,1660,false,off,1648,false,true,268.5,278.9,205400,38.846165,-77.162079,22.46,0,100,good,22.5,done,116,true,true,-39.53,-1.35,-20.33,12.27,AUTO,true,8.00,3.00,false,false,off,false,3,false,200,25,9,true,1367,12,4204574309,1.6,586,278.7,10.1,38.846180,-77.162193,true,38.846172,-77.161934
2026-06-14T10:45:50.545Z,test_29-pool2.6-magcal2,true,-0.00,15.71,false,false,false,false,false,none,1000,2000,1500,1609,1000,0.3,272.2,1660,false,off,1667,false,true,277.5,288.2,205412,38.846165,-77.162086,22.46,0,100,good,22.5,done,116,true,true,-39.53,-1.35,-20.33,23.41,AUTO,true,8.00,3.00,false,false,off,false,3,false,200,25,5,true,1575,12,4204574309,1.6,587,279.3,9.4,38.846180,-77.162193,true,38.846172,-77.161934
2026-06-14T10:45:51.562Z,test_29-pool2.6-magcal2,true,0.00,15.74,false,false,false,false,false,none,1000,2000,1500,1609,1000,0.3,267.5,1660,false,off,1674,false,true,257.8,268.5,205392,38.846165,-77.162094,22.46,0,100,good,22.5,done,116,true,true,-39.53,-1.35,-20.33,16.01,AUTO,true,8.00,3.00,false,false,off,false,3,false,200,25,9,true,1652,12,4204574309,1.8,588,280.0,8.8,38.846180,-77.162193,true,38.846172,-77.161934
2026-06-14T10:45:52.479Z,test_29-pool2.6-magcal2,true,0.00,15.78,false,false,false,false,false,none,1000,2000,1500,1609,1000,0.3,269.4,1660,false,off,1644,false,true,274.2,284.9,205384,38.846165,-77.162109,22.46,0,100,good,22.5,done,116,true,true,-39.53,-1.35,-20.33,13.73,AUTO,true,8.00,3.00,false,false,off,false,3,false,200,25,3,true,1330,12,4204574309,1.6,589,281.8,7.5,38.846180,-77.162193,true,38.846172,-77.161934
2026-06-14T10:45:53.546Z,test_29-pool2.6-magcal2,true,0.00,15.74,false,false,false,false,false,none,1000,2000,1500,1609,1000,-0.2,274.2,1660,false,off,1669,false,true,280.9,292.1,205376,38.846165,-77.162117,22.46,0,100,good,22.5,done,116,true,true,-39.53,-1.35,-20.33,21.18,AUTO,true,8.00,3.00,false,false,off,false,3,false,200,25,8,true,1604,12,4204574309,1.6,590,282.9,6.8,38.846180,-77.162193,true,38.846172,-77.161934
2026-06-14T10:45:54.529Z,test_29-pool2.6-magcal2,true,0.00,15.76,false,false,false,false,false,none,1000,2000,1500,1609,1000,0.2,270.2,1660,false,off,1670,false,true,263.7,274.5,205368,38.846169,-77.162125,22.46,0,100,good,22.5,done,116,true,true,-39.53,-1.35,-20.33,16.84,AUTO,true,8.00,3.00,false,false,off,false,3,false,200,25,5,true,1613,12,4204574309,1.7,591,280.8,6.1,38.846180,-77.162193,true,38.846172,-77.161934
2026-06-14T10:45:55.579Z,test_29-pool2.6-magcal2,true,0.00,15.75,false,false,false,false,false,none,1000,2000,1500,1609,1000,0.2,271.9,1660,false,off,1653,false,true,281.2,292.0,205404,38.846169,-77.162140,22.46,0,100,good,22.5,done,116,true,true,-39.53,-1.35,-20.33,19.90,AUTO,true,8.00,3.00,false,false,off,false,3,false,200,25,3,true,1418,12,4204574309,1.7,592,283.8,4.8,38.846180,-77.162193,true,38.846172,-77.161934
2026-06-14T10:45:56.680Z,test_29-pool2.6-magcal2,true,0.00,15.68,false,false,false,false,false,none,1000,2000,1500,1609,1000,0.2,272.4,1660,false,off,1676,false,true,270.7,281.6,205400,38.846169,-77.162148,22.46,0,100,good,22.5,done,116,true,true,-39.53,-1.35,-20.33,25.48,AUTO,true,8.00,3.00,false,false,off,false,3,false,200,25,7,true,1670,12,4204574309,1.8,593,286.0,4.2,38.846180,-77.162193,true,38.846172,-77.161934
2026-06-14T10:45:57.530Z,test_29-pool2.6-magcal2,true,0.00,15.81,false,false,false,false,true,distance,1000,2000,1500,1609,1000,0.2,268.2,1660,false,off,1500,false,true,265.8,276.6,205392,38.846169,-77.162163,22.46,0,100,good,22.5,done,116,true,true,-39.53,-1.35,-20.33,11.46,AUTO,true,8.00,3.00,false,false,off,false,3,false,200,25,8,true,1500,12,4204574309,1.7,594,293.3,2.9,38.846180,-77.162193,true,38.846172,-77.161934
2026-06-14T10:45:58.530Z,test_29-pool2.6-magcal2,true,0.00,15.82,false,false,false,false,true,distance,1000,2000,1500,1609,1000,0.2,275.9,1660,false,off,1500,false,true,280.4,291.2,205400,38.846172,-77.162170,22.46,0,100,good,22.5,done,116,true,true,-39.53,-1.35,-20.33,18.02,AUTO,true,8.00,3.00,false,false,off,false,3,false,200,25,3,true,1500,12,4204574309,1.3,595,291.0,2.2,38.846180,-77.162193,true,38.846172,-77.161934
2026-06-14T10:45:59.546Z,test_29-pool2.6-magcal2,true,0.00,15.82,false,false,false,false,true,distance,1000,2000,1500,1609,1000,0.2,280.6,1660,false,off,1500,false,true,291.2,302.0,205260,38.846172,-77.162178,22.46,0,100,good,22.5,done,116,true,true,-39.53,-1.35,-20.33,21.97,AUTO,true,8.00,3.00,false,false,off,false,3,false,200,25,3,true,1500,12,4204574309,1.0,596,299.9,1.6,38.846180,-77.162193,true,38.846172,-77.161934
2026-06-14T10:46:00.446Z,test_29-pool2.6-magcal2,true,0.00,15.66,false,false,false,false,false,none,1000,2000,1500,1609,1000,0.2,285.3,1660,false,off,1676,false,true,298.8,309.6,205404,38.846176,-77.162178,22.46,0,100,good,22.5,done,116,true,true,-39.53,-1.35,-20.33,18.76,AUTO,true,8.00,3.00,false,false,off,false,3,false,200,25,7,true,1670,12,4204574309,0.9,597,91.5,29.1,38.846169,-77.161842,true,38.846176,-77.162178
2026-06-14T10:46:01.514Z,test_29-pool2.6-magcal2,true,0.00,15.72,false,false,false,false,false,none,1000,2000,1500,1609,1000,0.2,292.7,1660,false,off,1676,false,true,295.0,305.8,205412,38.846180,-77.162186,22.46,0,100,good,22.5,done,116,true,true,-39.53,-1.35,-20.33,18.19,AUTO,true,8.00,3.00,false,false,off,false,3,false,200,25,4,true,1670,12,4204574309,1.0,598,92.2,29.8,38.846169,-77.161842,true,38.846176,-77.162178
2026-06-14T10:46:02.864Z,test_29-pool2.6-magcal2,true,0.00,15.73,false,false,false,false,false,none,1000,2000,1500,1609,1000,0.2,309.4,1660,false,off,1675,false,true,318.0,328.8,205388,38.846184,-77.162193,22.46,0,100,good,22.5,done,116,true,true,-39.53,-1.35,-20.33,21.65,AUTO,true,8.00,3.00,false,false,off,false,3,false,200,25,8,true,1663,12,4204574309,1.1,599,93.6,30.4,38.846169,-77.161842,true,38.846176,-77.162178
2026-06-14T10:46:03.580Z,test_29-pool2.6-magcal2,true,0.00,15.72,false,false,false,false,false,none,1000,2000,1500,1609,1000,0.2,327.4,1660,false,off,1676,false,true,334.2,345.0,205412,38.846191,-77.162193,22.46,0,100,good,22.5,done,116,true,true,-39.53,-1.35,-20.33,21.08,AUTO,true,8.00,3.00,false,false,off,false,3,false,200,25,3,true,1670,12,4204574309,1.2,600,94.6,30.5,38.846169,-77.161842,true,38.846176,-77.162178
2026-06-14T10:46:04.897Z,test_29-pool2.6-magcal2,true,-0.00,15.77,false,false,false,false,false,none,1000,2000,1500,1609,1000,0.2,344.3,1660,false,off,1665,false,true,10.9,21.7,205188,38.846195,-77.162193,22.46,0,100,good,22.5,done,116,true,true,-39.53,-1.35,-20.33,23.04,AUTO,true,8.00,3.00,false,false,off,false,3,false,200,25,2,true,1562,12,4204574309,1.2,601,95.7,30.5,38.846169,-77.161842,true,38.846176,-77.162178
2026-06-14T10:46:05.514Z,test_29-pool2.6-magcal2,true,0.00,15.72,false,false,false,false,false,none,1000,2000,1500,1609,1000,0.2,1.8,1660,false,off,1671,false,true,24.7,35.5,205396,38.846203,-77.162193,22.46,0,100,good,22.5,done,116,true,true,-39.53,-1.35,-20.33,22.64,AUTO,true,8.00,3.00,false,false,off,false,3,false,200,25,4,true,1622,12,4204574309,1.4,602,97.5,30.6,38.846169,-77.161842,true,38.846176,-77.162178
2026-06-14T10:46:06.614Z,test_29-pool2.6-magcal2,true,0.00,15.70,false,false,false,false,false,none,1000,2000,1500,1609,1000,-0.1,24.5,1660,false,off,1660,false,true,32.4,43.5,205408,38.846207,-77.162186,22.46,0,100,good,22.5,done,116,true,true,-39.53,-1.35,-20.33,29.82,AUTO,true,8.00,3.00,false,false,off,false,3,false,200,25,7,true,1504,12,4204574309,1.7,603,97.6,30.0,38.846169,-77.161842,true,38.846176,-77.162178
2026-06-14T10:46:07.548Z,test_29-pool2.6-magcal2,true,0.00,15.71,false,false,false,false,false,none,1000,2000,1500,1609,1000,-0.1,35.5,1660,false,off,1651,false,true,55.9,67.0,205400,38.846210,-77.162178,22.46,0,100,good,22.5,done,116,true,true,-39.53,-1.35,-20.33,24.68,AUTO,true,8.00,3.00,false,false,off,false,3,false,200,25,5,true,1403,12,4204574309,1.5,604,98.5,29.4,38.846169,-77.161842,true,38.846176,-77.162178
2026-06-14T10:46:08.581Z,test_29-pool2.6-magcal2,true,0.00,15.75,false,false,false,false,false,none,1000,2000,1500,1609,1000,-0.1,48.7,1660,false,off,1676,false,true,62.4,73.5,205400,38.846214,-77.162170,22.46,0,100,good,22.5,done,116,true,true,-39.53,-1.35,-20.33,15.45,AUTO,true,8.00,3.00,false,false,off,false,3,false,200,25,9,true,1670,12,4204574309,1.6,605,100.6,28.9,38.846169,-77.161842,true,38.846176,-77.162178
2026-06-14T10:46:09.581Z,test_29-pool2.6-magcal2,true,0.00,15.78,false,false,false,false,false,none,1000,2000,1500,1609,1000,-0.1,50.4,1660,false,off,1668,false,true,51.3,62.5,205416,38.846214,-77.162163,22.46,0,100,good,22.5,done,116,true,true,-39.53,-1.35,-20.33,26.95,AUTO,true,8.00,3.00,false,false,off,false,3,false,200,25,5,true,1585,12,4204574309,1.7,606,100.8,28.2,38.846169,-77.161842,true,38.846176,-77.162178
2026-06-14T10:46:10.448Z,test_29-pool2.6-magcal2,true,0.00,15.75,false,false,false,false,false,none,1000,2000,1500,1609,1000,-0.1,62.2,1660,false,off,1655,false,true,62.2,73.4,205416,38.846218,-77.162148,22.46,0,100,good,22.5,done,116,true,true,-39.53,-1.35,-20.33,30.38,AUTO,true,8.00,3.00,false,false,off,false,3,false,200,25,7,true,1443,12,4204574309,1.6,607,102.2,27.0,38.846169,-77.161842,true,38.846176,-77.162178
2026-06-14T10:46:11.532Z,test_29-pool2.6-magcal2,true,0.00,15.70,false,false,false,false,false,none,1000,2000,1500,1609,1000,-0.1,76.5,1660,false,off,1656,false,true,86.0,97.2,205412,38.846214,-77.162140,22.46,0,100,good,22.5,done,116,true,true,-39.53,-1.35,-20.33,20.04,AUTO,true,8.00,3.00,false,false,off,false,3,false,200,25,7,true,1450,12,4204574309,1.6,608,101.7,26.3,38.846169,-77.161842,true,38.846176,-77.162178
2026-06-14T10:46:12.598Z,test_29-pool2.6-magcal2,true,0.00,15.73,false,false,false,false,false,none,1000,2000,1500,1609,1000,-0.1,77.6,1660,false,off,1676,false,true,68.8,79.9,205408,38.846214,-77.162125,22.46,0,100,good,22.5,done,116,true,true,-39.53,-1.35,-20.33,19.38,AUTO,true,8.00,3.00,false,false,off,false,3,false,200,25,9,true,1670,12,4204574309,1.7,609,102.3,25.0,38.846169,-77.161842,true,38.846176,-77.162178
2026-06-14T10:46:13.586Z,test_29-pool2.6-magcal2,true,0.00,15.72,false,false,false,false,false,none,1000,2000,1500,1609,1000,0.5,77.8,1660,false,off,1665,false,true,67.1,77.6,205408,38.846214,-77.162117,22.46,0,100,good,22.5,done,116,true,true,-39.53,-1.35,-20.33,24.71,AUTO,true,8.00,3.00,false,false,off,false,3,false,200,25,9,true,1558,12,4204574309,1.5,610,102.6,24.3,38.846169,-77.161842,true,38.846176,-77.162178
2026-06-14T10:46:14.516Z,test_29-pool2.6-magcal2,true,0.00,15.76,false,false,false,false,false,none,1000,2000,1500,1609,1000,0.5,83.3,1660,false,off,1644,false,true,86.9,97.4,205404,38.846214,-77.162102,22.46,0,100,good,22.5,done,116,true,true,-39.53,-1.35,-20.33,24.83,AUTO,true,8.00,3.00,false,false,off,false,3,false,200,25,7,true,1330,12,4204574309,1.6,611,103.3,23.0,38.846169,-77.161842,true,38.846176,-77.162178
2026-06-14T10:46:15.732Z,test_29-pool2.6-magcal2,true,0.00,15.76,false,false,false,false,false,none,1000,2000,1500,1609,1000,-0.0,88.5,1660,false,off,1675,false,true,94.4,105.4,205396,38.846214,-77.162094,22.46,0,100,good,22.5,done,116,true,true,-39.53,-1.35,-20.33,16.30,AUTO,true,8.00,3.00,false,false,off,false,3,false,200,25,7,true,1658,12,4204574309,1.6,612,103.7,22.4,38.846169,-77.161842,true,38.846176,-77.162178
2026-06-14T10:46:16.583Z,test_29-pool2.6-magcal2,true,0.00,15.73,false,false,false,false,false,none,1000,2000,1500,1609,1000,-0.0,82.9,1660,false,off,1676,false,true,75.3,86.3,205404,38.846214,-77.162086,22.46,0,100,good,22.5,done,116,true,true,-39.53,-1.35,-20.33,25.88,AUTO,true,8.00,3.00,false,false,off,false,3,false,200,25,2,true,1670,12,4204574309,1.6,613,104.1,21.7,38.846169,-77.161842,true,38.846176,-77.162178
2026-06-14T10:46:17.499Z,test_29-pool2.6-magcal2,true,0.00,15.64,false,false,false,false,false,none,1000,2000,1500,1609,1000,0.5,85.9,1660,false,off,1657,false,true,76.3,86.8,205408,38.846214,-77.162071,22.46,0,100,good,22.5,done,116,true,true,-39.53,-1.35,-20.33,27.16,AUTO,true,8.00,3.00,false,false,off,false,3,false,200,25,8,true,1463,12,4204574309,1.5,614,105.0,20.5,38.846169,-77.161842,true,38.846176,-77.162178
2026-06-14T10:46:18.500Z,test_29-pool2.6-magcal2,true,0.00,15.76,false,false,false,false,false,none,1000,2000,1500,1609,1000,0.5,96.5,1660,false,off,1644,false,true,100.0,110.5,205408,38.846210,-77.162064,22.46,0,100,good,22.5,done,116,true,true,-39.53,-1.35,-20.33,19.86,AUTO,true,8.00,3.00,false,false,off,false,3,false,200,25,5,true,1330,12,4204574309,1.5,615,102.8,19.7,38.846169,-77.161842,true,38.846176,-77.162178
2026-06-14T10:46:19.516Z,test_29-pool2.6-magcal2,true,0.00,15.79,false,false,false,false,false,none,1000,2000,1500,1609,1000,0.1,96.2,1660,false,off,1676,false,true,102.7,113.6,205412,38.846207,-77.162056,22.46,0,100,good,22.5,done,116,true,true,-39.53,-1.35,-20.33,16.81,AUTO,true,8.00,3.00,false,false,off,false,3,false,200,25,9,true,1670,12,4204574309,1.4,616,102.2,19.0,38.846169,-77.161842,true,38.846176,-77.162178
2026-06-14T10:46:20.566Z,test_29-pool2.6-magcal2,true,0.00,15.70,false,false,false,false,false,none,1000,2000,1500,1609,1000,0.1,87.3,1660,false,off,1672,false,true,78.1,89.0,205396,38.846207,-77.162048,22.46,0,100,good,22.5,done,116,true,true,-39.53,-1.35,-20.33,25.31,AUTO,true,8.00,3.00,false,false,off,false,3,false,200,25,8,true,1629,12,4204574309,1.5,617,102.6,18.3,38.846169,-77.161842,true,38.846176,-77.162178
2026-06-14T10:46:21.583Z,test_29-pool2.6-magcal2,true,0.00,15.70,false,false,false,false,false,none,1000,2000,1500,1609,1000,0.1,91.1,1660,false,off,1648,false,true,84.4,95.3,205416,38.846203,-77.162033,22.46,0,100,good,22.5,done,116,true,true,-39.53,-1.35,-20.33,29.73,AUTO,true,8.00,3.00,false,false,off,false,3,false,200,25,3,true,1365,12,4204574309,1.6,618,103.6,17.0,38.846169,-77.161842,true,38.846176,-77.162178
2026-06-14T10:46:22.800Z,test_29-pool2.6-magcal2,true,0.00,15.75,false,false,false,false,false,none,1000,2000,1500,1609,1000,0.1,101.5,1660,false,off,1657,false,true,106.5,117.4,205396,38.846199,-77.162025,22.46,0,100,good,22.5,done,116,true,true,-39.53,-1.35,-20.33,20.61,AUTO,true,8.00,3.00,false,false,off,false,3,false,200,25,5,true,1465,12,4204574309,1.4,619,101.5,16.2,38.846169,-77.161842,true,38.846176,-77.162178
2026-06-14T10:46:23.534Z,test_29-pool2.6-magcal2,true,0.00,15.72,false,false,false,false,false,none,1000,2000,1500,1609,1000,0.1,96.3,1660,false,off,1676,false,true,95.7,106.6,205396,38.846199,-77.162018,22.46,0,100,good,22.5,done,116,true,true,-39.53,-1.35,-20.33,13.96,AUTO,true,8.00,3.00,false,false,off,false,3,false,200,25,5,true,1670,12,4204574309,1.3,620,102.0,15.6,38.846169,-77.161842,true,38.846176,-77.162178
2026-06-14T10:46:24.584Z,test_29-pool2.6-magcal2,true,0.00,15.72,false,false,false,false,false,none,1000,2000,1500,1609,1000,0.4,82.7,1660,false,off,1668,false,true,76.7,87.3,205400,38.846199,-77.162010,22.46,0,100,good,22.5,done,116,true,true,-39.53,-1.35,-20.33,24.37,AUTO,true,8.00,3.00,false,false,off,false,3,false,200,25,9,true,1587,12,4204574309,1.5,621,102.5,14.9,38.846169,-77.161842,true,38.846176,-77.162178
2026-06-14T10:46:25.551Z,test_29-pool2.6-magcal2,true,0.00,15.71,false,false,false,false,false,none,1000,2000,1500,1609,1000,0.4,89.1,1660,false,off,1644,false,true,88.9,99.5,205416,38.846199,-77.161995,22.46,0,100,good,22.5,done,116,true,true,-39.53,-1.35,-20.33,29.99,AUTO,true,8.00,3.00,false,false,off,false,3,false,200,25,3,true,1330,12,4204574309,1.6,622,103.7,13.6,38.846169,-77.161842,true,38.846176,-77.162178
2026-06-14T10:46:26.484Z,test_29-pool2.6-magcal2,true,0.00,15.72,false,false,false,false,false,none,1000,2000,1500,1609,1000,0.4,98.5,1660,false,off,1655,false,true,106.6,117.2,205412,38.846195,-77.161987,22.46,0,100,good,22.5,done,116,true,true,-39.53,-1.35,-20.33,19.44,AUTO,true,8.00,3.00,false,false,off,false,3,false,200,25,3,true,1443,12,4204574309,1.5,623,103.6,12.9,38.846169,-77.161842,true,38.846176,-77.162178
2026-06-14T10:46:27.501Z,test_29-pool2.6-magcal2,true,0.00,15.72,false,false,false,false,false,none,1000,2000,1500,1609,1000,0.4,94.6,1660,false,off,1676,false,true,90.2,100.8,205404,38.846195,-77.161980,22.46,0,100,good,22.5,done,116,true,true,-39.53,-1.35,-20.33,14.18,AUTO,true,8.00,3.00,false,false,off,false,3,false,200,25,7,true,1670,12,4204574309,1.5,624,104.3,12.3,38.846169,-77.161842,true,38.846176,-77.162178
2026-06-14T10:46:28.551Z,test_29-pool2.6-magcal2,true,0.00,15.74,false,false,false,false,false,none,1000,2000,1500,1609,1000,0.8,87.1,1660,false,off,1665,false,true,78.4,88.5,205392,38.846191,-77.161972,22.46,0,100,good,22.5,done,116,true,true,-39.53,-1.35,-20.33,23.08,AUTO,true,8.00,3.00,false,false,off,false,3,false,200,25,2,true,1560,12,4204574309,1.4,625,102.4,11.5,38.846169,-77.161842,true,38.846176,-77.162178
2026-06-14T10:46:29.651Z,test_29-pool2.6-magcal2,true,0.00,15.75,false,false,false,false,false,none,1000,2000,1500,1609,1000,0.8,92.6,1660,false,off,1644,false,true,98.8,108.9,205404,38.846191,-77.161957,22.46,0,100,good,22.5,done,116,true,true,-39.53,-1.35,-20.33,20.05,AUTO,true,8.00,3.00,false,false,off,false,3,false,200,25,5,true,1330,12,4204574309,1.6,626,104.0,10.2,38.846169,-77.161842,true,38.846176,-77.162178
2026-06-14T10:46:30.485Z,test_29-pool2.6-magcal2,true,0.00,15.74,false,false,false,false,false,none,1000,2000,1500,1609,1000,0.3,96.3,1660,false,off,1659,false,true,107.1,117.8,205396,38.846188,-77.161949,22.46,0,100,good,22.5,done,116,true,true,-39.53,-1.35,-20.33,20.90,AUTO,true,8.00,3.00,false,false,off,false,3,false,200,25,7,true,1480,12,4204574309,1.4,627,101.6,9.5,38.846169,-77.161842,true,38.846176,-77.162178
2026-06-14T10:46:33.169Z,test_29-pool2.6-magcal2,true,-0.00,15.72,false,false,false,false,false,none,1000,2000,1500,1609,1000,0.9,93.3,1660,false,off,1644,false,true,88.0,98.1,203704,38.846188,-77.161919,22.46,0,100,good,22.5,done,116,true,true,-39.53,-1.35,-20.33,29.16,AUTO,true,8.00,3.00,false,false,off,false,3,false,200,25,3,true,1332,12,4204574309,1.5,629,106.0,6.9,38.846169,-77.161842,true,38.846176,-77.162178
2026-06-14T10:46:33.702Z,test_29-pool2.6-magcal2,true,0.00,15.71,false,false,false,false,false,none,1000,2000,1500,1609,1000,0.9,93.3,1660,false,off,1646,false,true,101.2,111.3,203692,38.846188,-77.161919,22.46,0,100,good,22.5,done,116,true,true,-39.53,-1.35,-20.33,20.80,AUTO,true,8.00,3.00,false,false,off,false,3,false,200,25,4,true,1345,12,4204574309,1.5,630,106.0,6.9,38.846169,-77.161842,true,38.846176,-77.162178
2026-06-14T10:46:34.468Z,test_29-pool2.6-magcal2,true,0.00,15.71,false,false,false,false,false,none,1000,2000,1500,1609,1000,0.2,96.8,1660,false,off,1663,false,true,108.8,119.5,205424,38.846188,-77.161911,22.46,0,100,good,22.5,done,116,true,true,-39.53,-1.35,-20.33,21.26,AUTO,true,8.00,3.00,false,false,off,false,3,false,200,25,9,true,1532,12,4204574309,1.4,631,107.7,6.3,38.846169,-77.161842,true,38.846176,-77.162178
2026-06-14T10:46:36.519Z,test_29-pool2.6-magcal2,true,0.00,15.74,false,false,false,false,false,none,1000,2000,1500,1609,1000,0.8,91.2,1660,false,off,1654,false,true,81.5,91.7,203696,38.846184,-77.161896,22.46,0,100,good,22.5,done,116,true,true,-39.53,-1.35,-20.33,25.64,AUTO,true,8.00,3.00,false,false,off,false,3,false,200,25,9,true,1433,12,4204574309,1.5,633,112.3,4.9,38.846169,-77.161842,true,38.846176,-77.162178
2026-06-14T10:46:37.402Z,test_29-pool2.6-magcal2,true,0.00,15.75,false,false,false,false,false,none,1000,2000,1500,1609,1000,0.2,92.5,1660,false,off,1676,false,true,83.4,94.2,205400,38.846184,-77.161903,22.46,0,100,good,22.5,done,116,true,true,-39.53,-1.35,-20.33,24.91,AUTO,true,8.00,3.00,false,false,off,false,3,false,200,25,9,true,1670,12,4204574309,1.6,632,109.8,5.6,38.846169,-77.161842,true,38.846176,-77.162178
2026-06-14T10:46:37.485Z,test_29-pool2.6-magcal2,true,0.00,15.78,false,false,false,false,false,none,1000,2000,1500,1609,1000,0.8,100.0,1660,false,off,1647,false,true,101.2,111.4,205424,38.846184,-77.161880,22.46,0,100,good,22.5,done,116,true,true,-39.53,-1.35,-20.33,21.79,AUTO,true,8.00,3.00,false,false,off,false,3,false,200,25,6,true,1362,12,4204574309,1.6,634,119.9,3.7,38.846169,-77.161842,true,38.846176,-77.162178
2026-06-14T10:46:39.503Z,test_29-pool2.6-magcal2,true,0.00,15.81,false,false,false,false,true,distance,1000,2000,1500,1609,1000,0.8,96.1,1660,false,off,1500,false,true,100.0,110.2,203676,38.846184,-77.161865,22.46,0,100,good,22.5,done,116,true,true,-39.53,-1.35,-20.33,21.78,AUTO,true,8.00,3.00,false,false,off,false,3,false,200,25,9,true,1500,12,4204574309,1.2,636,133.8,2.6,38.846169,-77.161842,true,38.846176,-77.162178
2026-06-14T10:46:40.403Z,test_29-pool2.6-magcal2,true,-0.00,15.81,false,false,false,false,true,distance,1000,2000,1500,1609,1000,0.8,103.4,1660,false,off,1500,false,true,109.9,120.1,205400,38.846180,-77.161873,22.46,0,100,good,22.5,done,116,true,true,-39.53,-1.35,-20.33,18.84,AUTO,true,8.00,3.00,false,false,off,false,3,false,200,25,5,true,1500,12,4204574309,1.4,635,113.3,2.9,38.846169,-77.161842,true,38.846176,-77.162178
2026-06-14T10:46:40.503Z,test_29-pool2.6-magcal2,true,0.00,15.82,false,false,false,false,true,distance,1000,1000,1500,1609,1000,0.8,90.1,1660,false,off,1500,false,true,87.6,97.9,205392,38.846184,-77.161858,22.46,0,100,good,22.5,done,116,true,true,-39.53,-1.35,-20.33,22.89,MANUAL,true,8.00,3.00,false,false,off,false,3,false,200,25,4,true,1537,12,4204574309,1.0,637,145.2,2.2,38.846169,-77.161842,true,38.846176,-77.162178
2026-06-14T10:46:41.503Z,test_29-pool2.6-magcal2,true,0.00,15.78,false,false,false,false,true,distance,1000,1000,1498,1880,1593,0.8,84.7,1660,false,off,1676,false,true,77.1,87.3,205404,38.846184,-77.161858,22.46,0,100,good,22.5,done,116,true,true,-39.53,-1.35,-20.33,22.43,MANUAL,true,8.00,3.00,false,false,off,false,3,false,200,25,3,true,1629,12,4204574309,0.8,638,145.2,2.2,38.846169,-77.161842,true,38.846176,-77.162178
2026-06-14T10:46:42.603Z,test_29-pool2.6-magcal2,true,-0.00,15.68,false,false,false,false,true,distance,1000,1000,1498,1903,1618,1.4,74.6,1660,false,off,1686,false,true,61.7,71.3,205272,38.846184,-77.161850,22.46,0,100,good,22.5,done,116,true,true,-39.53,-1.35,-20.33,23.77,MANUAL,true,8.00,3.00,false,false,off,false,3,false,200,25,9,true,1637,12,4204574309,1.0,639,160.8,1.8,38.846169,-77.161842,true,38.846176,-77.162178
2026-06-14T10:46:43.587Z,test_29-pool2.6-magcal2,true,-0.00,15.76,false,false,false,false,true,distance,1000,1000,1498,1954,1618,1.4,76.1,1660,false,off,1687,false,true,69.8,79.3,205392,38.846188,-77.161842,22.46,0,100,good,22.5,done,116,true,true,-39.53,-1.35,-20.33,24.83,MANUAL,true,8.00,3.00,false,false,off,false,3,false,200,25,9,true,1654,12,4204574309,1.5,640,180.0,2.1,38.846169,-77.161842,true,38.846176,-77.162178
2026-06-14T10:46:44.820Z,test_29-pool2.6-magcal2,true,0.00,15.66,false,false,false,false,true,distance,1000,1000,1500,1971,1618,1.4,87.8,1660,false,off,1688,false,true,87.9,97.5,205392,38.846184,-77.161827,22.46,0,100,good,22.5,done,116,true,true,-39.53,-1.35,-20.33,25.95,MANUAL,true,8.00,3.00,false,false,off,false,3,false,200,25,8,true,1660,12,4204574309,1.5,641,214.8,2.2,38.846169,-77.161842,true,38.846176,-77.162178
2026-06-14T10:46:47.721Z,test_29-pool2.6-magcal2,true,0.00,15.66,false,false,false,false,true,distance,1000,1000,1498,1950,1679,1.4,155.0,1660,false,off,1710,false,true,151.9,161.5,204148,38.846176,-77.161819,22.46,0,100,good,22.5,done,116,true,true,-39.53,-1.35,-20.33,18.43,MANUAL,true,8.00,3.00,false,false,off,false,3,false,200,25,9,true,1653,12,4204574309,1.4,644,249.0,2.2,38.846169,-77.161842,true,38.846176,-77.162178
2026-06-14T10:46:47.743Z,test_29-pool2.6-magcal2,true,0.00,15.66,false,false,false,false,true,distance,1000,1000,1498,1950,1679,1.4,155.0,1660,false,off,1710,false,true,152.2,161.7,200028,38.846176,-77.161819,22.46,0,100,good,22.5,done,116,true,true,-39.53,-1.35,-20.33,19.96,MANUAL,true,8.00,3.00,false,false,off,false,3,false,200,25,5,true,1653,12,4204574309,1.4,644,249.0,2.2,38.846169,-77.161842,true,38.846176,-77.162178
2026-06-14T10:46:48.504Z,test_29-pool2.6-magcal2,true,0.00,15.70,false,false,false,false,true,distance,1000,1000,1499,1928,1684,1.4,188.0,1660,false,off,1710,false,true,171.5,181.0,205384,38.846169,-77.161827,22.46,0,100,good,22.5,done,116,true,true,-39.53,-1.35,-20.33,16.39,MANUAL,true,8.00,3.00,false,false,off,false,3,false,200,25,4,true,1645,12,4204574309,1.6,645,270.0,1.3,38.846169,-77.161842,true,38.846176,-77.162178
2026-06-14T10:46:49.554Z,test_29-pool2.6-magcal2,true,0.00,15.55,false,false,false,false,true,distance,1000,1000,1500,1609,1724,1.4,207.5,1660,false,off,1712,false,true,206.1,215.6,205396,38.846165,-77.161835,22.46,0,100,good,22.5,done,116,true,true,-39.53,-1.35,-20.33,15.27,MANUAL,true,8.00,3.00,false,false,off,false,3,false,200,25,6,true,1537,12,4204574309,1.9,646,286.0,0.8,38.846169,-77.161842,true,38.846176,-77.162178
2026-06-14T10:46:50.555Z,test_29-pool2.6-magcal2,true,0.00,15.58,false,false,false,false,true,distance,1000,1000,1500,1609,1724,1.4,234.4,1660,false,off,1712,false,true,231.5,241.1,205396,38.846161,-77.161842,22.46,0,100,good,22.5,done,116,true,true,-39.53,-1.35,-20.33,15.53,MANUAL,true,8.00,3.00,false,false,off,false,3,false,200,25,3,true,1537,12,4204574309,2.5,647,0.0,0.8,38.846169,-77.161842,true,38.846176,-77.162178
2026-06-14T10:46:51.488Z,test_29-pool2.6-magcal2,true,0.00,15.62,false,false,false,false,true,distance,1000,1000,1500,1609,1724,1.4,248.2,1660,false,off,1712,false,true,243.4,253.0,205388,38.846157,-77.161858,22.46,0,100,good,22.5,done,116,true,true,-39.53,-1.35,-20.33,17.58,MANUAL,true,8.00,3.00,false,false,off,false,3,false,200,25,4,true,1537,12,4204574309,2.9,648,44.8,1.8,38.846169,-77.161842,true,38.846176,-77.162178
2026-06-14T10:46:52.688Z,test_29-pool2.6-magcal2,true,0.00,15.46,false,false,false,false,true,distance,1000,1000,1500,1609,1724,1.7,253.4,1660,false,off,1712,false,true,250.1,259.4,205400,38.846157,-77.161880,22.46,0,100,good,22.5,done,116,true,true,-39.53,-1.35,-20.33,18.82,MANUAL,true,8.00,3.00,false,false,off,false,3,false,200,25,5,true,1537,12,4204574309,3.0,649,68.1,3.5,38.846169,-77.161842,true,38.846176,-77.162178
2026-06-14T10:46:53.538Z,test_29-pool2.6-magcal2,true,0.00,15.46,false,false,false,false,true,distance,1000,1000,1500,1609,1724,1.9,257.5,1660,false,off,1712,false,true,252.3,261.4,205396,38.846153,-77.161896,22.46,0,100,good,22.5,done,116,true,true,-39.53,-1.35,-20.33,19.19,MANUAL,true,8.00,3.00,false,false,off,false,3,false,200,25,6,true,1537,12,4204574309,3.2,650,71.8,4.9,38.846169,-77.161842,true,38.846176,-77.162178
2026-06-14T10:46:54.538Z,test_29-pool2.6-magcal2,true,0.00,15.60,false,false,false,false,true,distance,1000,1000,1500,1609,1724,2.1,258.9,1660,false,off,1712,false,true,255.8,264.7,205412,38.846153,-77.161919,22.46,0,100,good,22.5,done,116,true,true,-39.53,-1.35,-20.33,19.71,MANUAL,true,8.00,3.00,false,false,off,false,3,false,200,25,8,true,1537,12,4204574309,3.2,651,77.1,6.8,38.846169,-77.161842,true,38.846176,-77.162178
2026-06-14T10:46:55.705Z,test_29-pool2.6-magcal2,true,0.00,15.49,false,false,false,false,true,distance,1000,1000,1500,1609,1724,2.2,259.1,1660,false,off,1712,false,true,257.5,266.2,205400,38.846149,-77.161934,22.46,0,100,good,22.5,done,116,true,true,-39.53,-1.35,-20.33,19.09,MANUAL,true,8.00,3.00,false,false,off,false,3,false,200,25,4,true,1537,12,4204574309,3.2,652,76.5,8.2,38.846169,-77.161842,true,38.846176,-77.162178
2026-06-14T10:46:56.689Z,test_29-pool2.6-magcal2,true,0.00,15.68,false,false,false,false,true,distance,1000,1000,1500,1609,1724,2.4,260.8,1660,false,off,1712,false,true,259.1,267.7,205412,38.846149,-77.161957,22.46,0,100,good,22.5,done,116,true,true,-39.53,-1.35,-20.33,19.84,MANUAL,true,8.00,3.00,false,false,off,false,3,false,200,25,6,true,1537,12,4204574309,3.2,653,79.2,10.1,38.846169,-77.161842,true,38.846176,-77.162178
2026-06-14T10:46:57.539Z,test_29-pool2.6-magcal2,true,0.00,15.68,false,false,false,false,true,distance,1000,1000,1500,1609,1724,2.5,260.4,1660,false,off,1712,false,true,258.0,266.5,205412,38.846146,-77.161972,22.46,0,100,good,22.5,done,116,true,true,-39.53,-1.35,-20.33,19.53,MANUAL,true,8.00,3.00,false,false,off,false,3,false,200,25,5,true,1537,12,4204574309,3.2,654,74.9,11.5,38.846169,-77.161842,true,38.846176,-77.162178
2026-06-14T10:46:58.773Z,test_29-pool2.6-magcal2,true,-0.00,15.63,false,false,false,false,true,distance,1000,1000,1500,1609,1784,2.6,261.4,1660,false,off,1733,false,true,260.1,268.6,205388,38.846146,-77.161995,22.46,0,100,good,22.5,done,116,true,true,-39.53,-1.35,-20.33,19.22,MANUAL,true,8.00,3.00,false,false,off,false,3,false,200,25,6,true,1537,12,4204574309,3.2,655,77.1,13.5,38.846169,-77.161842,true,38.846176,-77.162178
2026-06-14T10:46:59.689Z,test_29-pool2.6-magcal2,true,0.00,15.48,false,false,false,false,true,distance,1000,1000,1500,1609,1669,2.5,261.4,1660,false,off,1693,false,true,263.1,271.6,205392,38.846146,-77.162018,22.46,0,100,good,22.5,done,116,true,true,-39.53,-1.35,-20.33,19.21,MANUAL,true,8.00,3.00,false,false,off,false,3,false,200,25,6,true,1537,12,4204574309,3.5,656,78.7,15.4,38.846169,-77.161842,true,38.846176,-77.162178
2026-06-14T10:47:00.723Z,test_29-pool2.6-magcal2,true,0.00,15.64,false,false,false,false,true,distance,1000,1000,1500,1609,1667,2.4,262.2,1660,false,off,1693,false,true,263.9,272.5,205400,38.846146,-77.162033,22.46,0,100,good,22.5,done,116,true,true,-39.53,-1.35,-20.33,19.06,MANUAL,true,8.00,3.00,false,false,off,false,3,false,200,25,3,true,1537,12,4204574309,3.3,657,79.6,16.7,38.846169,-77.161842,true,38.846176,-77.162178
2026-06-14T10:47:01.606Z,test_29-pool2.6-magcal2,true,0.00,15.69,false,false,false,false,true,distance,1000,1000,1500,1609,1667,2.3,263.7,1660,false,off,1693,false,true,265.4,274.1,205412,38.846142,-77.162056,22.46,0,100,good,22.5,done,116,true,true,-39.53,-1.35,-20.33,18.96,MANUAL,true,8.00,3.00,false,false,off,false,3,false,200,25,3,true,1537,12,4204574309,2.9,658,80.7,18.7,38.846169,-77.161842,true,38.846176,-77.162178
2026-06-14T10:47:02.540Z,test_29-pool2.6-magcal2,true,0.00,15.69,false,false,false,false,true,distance,1000,1000,1500,1609,1667,2.2,265.0,1660,false,off,1693,false,true,267.2,276.0,205404,38.846142,-77.162071,22.46,0,100,good,22.5,done,116,true,true,-39.53,-1.35,-20.33,19.54,MANUAL,true,8.00,3.00,false,false,off,false,3,false,200,25,6,true,1537,12,4204574309,2.8,659,81.3,20.0,38.846169,-77.161842,true,38.846176,-77.162178
2026-06-14T10:47:03.690Z,test_29-pool2.6-magcal2,true,0.00,15.61,false,false,false,false,true,distance,1000,1000,1500,1609,1667,2.0,266.9,1660,false,off,1693,false,true,270.5,279.5,205376,38.846142,-77.162086,22.46,0,100,good,22.5,done,116,true,true,-39.53,-1.35,-20.33,20.09,MANUAL,true,8.00,3.00,false,false,off,false,3,false,200,25,4,true,1537,12,4204574309,2.8,660,81.8,21.4,38.846169,-77.161842,true,38.846176,-77.162178
2026-06-14T10:47:04.607Z,test_29-pool2.6-magcal2,true,0.00,15.63,false,false,false,false,true,distance,1000,1000,1500,1609,1667,2.0,270.1,1660,false,off,1693,false,true,270.7,279.7,205396,38.846142,-77.162102,22.46,0,100,good,22.5,done,116,true,true,-39.53,-1.35,-20.33,18.24,MANUAL,true,8.00,3.00,false,false,off,false,3,false,200,25,6,true,1537,12,4204574309,2.8,661,82.3,22.7,38.846169,-77.161842,true,38.846176,-77.162178
2026-06-14T10:47:05.557Z,test_29-pool2.6-magcal2,true,0.00,15.67,false,false,false,false,true,distance,1000,1000,1500,1609,1667,1.9,270.9,1660,false,off,1693,false,true,272.5,281.6,205408,38.846142,-77.162125,22.46,0,100,good,22.5,done,116,true,true,-39.53,-1.35,-20.33,19.52,MANUAL,true,8.00,3.00,false,false,off,false,3,false,200,25,7,true,1537,12,4204574309,2.9,662,82.9,24.6,38.846169,-77.161842,true,38.846176,-77.162178
2026-06-14T10:47:06.524Z,test_29-pool2.6-magcal2,true,0.00,15.61,false,false,false,false,true,distance,1000,1000,1500,1609,1667,1.9,271.6,1660,false,off,1693,false,true,270.9,280.0,205400,38.846142,-77.162140,22.46,0,100,good,22.5,done,116,true,true,-39.53,-1.35,-20.33,19.06,MANUAL,true,8.00,3.00,false,false,off,false,3,false,200,25,3,true,1537,12,4204574309,2.9,663,83.3,25.9,38.846169,-77.161842,true,38.846176,-77.162178
2026-06-14T10:47:07.540Z,test_29-pool2.6-magcal2,true,0.00,15.72,false,false,false,false,true,distance,1000,1000,1500,1609,1667,2.1,275.0,1660,false,off,1693,false,true,271.6,280.5,205428,38.846146,-77.162155,22.46,0,100,good,22.5,done,116,true,true,-39.53,-1.35,-20.33,19.14,MANUAL,true,8.00,3.00,false,false,off,false,3,false,200,25,5,true,1537,12,4204574309,2.8,664,83.6,27.2,38.846169,-77.161842,true,38.846176,-77.162178
2026-06-14T10:47:08.624Z,test_29-pool2.6-magcal2,true,0.00,15.63,false,false,false,false,true,distance,1000,1000,1500,1609,1667,2.3,275.0,1660,false,off,1693,false,true,272.1,280.8,205412,38.846146,-77.162170,22.46,0,100,good,22.5,done,116,true,true,-39.53,-1.35,-20.33,17.89,MANUAL,true,8.00,3.00,false,false,off,false,3,false,200,25,8,true,1537,12,4204574309,2.9,665,83.9,28.5,38.846169,-77.161842,true,38.846176,-77.162178
2026-06-14T10:47:09.508Z,test_29-pool2.6-magcal2,true,-0.00,15.61,false,false,false,false,true,distance,1000,1000,1497,1615,1667,2.4,275.4,1660,false,off,1693,false,true,273.1,281.8,205424,38.846146,-77.162193,22.46,0,100,good,22.5,done,116,true,true,-39.53,-1.35,-20.33,19.28,MANUAL,true,8.00,3.00,false,false,off,false,3,false,200,25,9,true,1539,12,4204574309,2.8,666,84.3,30.5,38.846169,-77.161842,true,38.846176,-77.162178
2026-06-14T10:47:10.507Z,test_29-pool2.6-magcal2,true,0.00,15.68,false,false,false,false,true,distance,1000,1000,1499,1796,1667,2.6,277.1,1660,false,off,1700,false,true,271.6,279.9,205412,38.846149,-77.162209,22.46,0,100,good,22.5,done,116,true,true,-39.53,-1.35,-20.33,20.18,MANUAL,true,8.00,3.00,false,false,off,false,3,false,200,25,6,true,1600,12,4204574309,2.8,667,86.6,31.8,38.846169,-77.161842,true,38.846176,-77.162178
2026-06-14T10:47:11.541Z,test_29-pool2.6-magcal2,true,0.00,15.61,false,false,false,false,true,distance,1000,1000,1500,2000,1667,2.6,278.6,1660,false,off,1708,false,true,274.8,283.2,205408,38.846149,-77.162224,22.46,0,100,good,22.5,done,116,true,true,-39.53,-1.35,-20.33,16.15,MANUAL,true,8.00,3.00,false,false,off,false,3,false,200,25,3,true,1670,12,4204574309,2.6,668,86.7,33.1,38.846169,-77.161842,true,38.846176,-77.162178
2026-06-14T10:47:12.591Z,test_29-pool2.6-magcal2,true,0.00,15.61,false,false,false,false,true,distance,1000,1000,1500,2000,1667,2.6,290.2,1660,false,off,1708,false,true,298.2,306.6,205412,38.846153,-77.162231,22.46,0,100,good,22.5,done,116,true,true,-39.53,-1.35,-20.33,18.92,MANUAL,true,8.00,3.00,false,false,off,false,3,false,200,25,9,true,1670,12,4204574309,2.1,669,87.4,33.7,38.846169,-77.161842,true,38.846176,-77.162178
2026-06-14T10:47:13.591Z,test_29-pool2.6-magcal2,true,0.00,15.69,false,false,false,false,true,distance,1000,1000,1500,2000,1667,2.6,308.2,1660,false,off,1708,false,true,324.3,332.6,205412,38.846161,-77.162239,22.46,0,100,good,22.5,done,116,true,true,-39.53,-1.35,-20.33,19.49,MANUAL,true,8.00,3.00,false,false,off,false,3,false,200,25,3,true,1670,12,4204574309,1.9,670,88.1,34.4,38.846169,-77.161842,true,38.846176,-77.162178
2026-06-14T10:47:14.541Z,test_29-pool2.6-magcal2,true,0.00,15.56,false,false,false,false,true,distance,1000,1000,1500,2000,1667,2.6,329.6,1660,false,off,1708,false,true,349.2,357.6,205420,38.846169,-77.162239,22.46,0,100,good,22.5,done,116,true,true,-39.53,-1.35,-20.33,24.85,MANUAL,true,8.00,3.00,false,false,off,false,3,false,200,25,7,true,1670,12,4204574309,1.7,671,90.0,34.4,38.846169,-77.161842,true,38.846176,-77.162178
2026-06-14T10:47:15.542Z,test_29-pool2.6-magcal2,true,0.00,15.50,false,false,false,false,true,distance,1000,1000,1500,2000,1667,2.6,349.6,1660,false,off,1708,false,true,17.2,25.5,205384,38.846176,-77.162239,22.46,0,100,good,22.5,done,116,true,true,-39.53,-1.35,-20.33,25.55,MANUAL,true,8.00,3.00,false,false,off,false,3,false,200,25,3,true,1670,12,4204574309,1.6,672,91.3,34.4,38.846169,-77.161842,true,38.846176,-77.162178
2026-06-14T10:47:16.592Z,test_29-pool2.6-magcal2,true,0.00,15.62,false,false,false,false,true,distance,1000,1000,1500,1609,1667,2.6,21.6,1660,false,off,1693,false,true,51.0,59.4,205412,38.846184,-77.162231,22.46,0,100,good,22.5,done,116,true,true,-39.53,-1.35,-20.33,25.79,MANUAL,true,8.00,3.00,false,false,off,false,3,false,200,25,5,true,1537,12,4204574309,1.7,673,93.2,33.7,38.846169,-77.161842,true,38.846176,-77.162178
2026-06-14T10:47:17.592Z,test_29-pool2.6-magcal2,true,0.00,15.62,false,false,false,false,true,distance,1000,1000,1500,1609,1667,1.8,51.0,1660,false,off,1693,false,true,69.0,78.2,205388,38.846188,-77.162224,22.46,0,100,good,22.5,done,116,true,true,-39.53,-1.35,-20.33,26.64,MANUAL,true,8.00,3.00,false,false,off,false,3,false,200,25,8,true,1537,12,4204574309,2.1,674,93.3,33.1,38.846169,-77.161842,true,38.846176,-77.162178
2026-06-14T10:47:18.742Z,test_29-pool2.6-magcal2,true,0.00,15.64,false,false,false,false,true,distance,1000,1000,1500,1292,1667,1.8,67.8,1660,false,off,1681,false,true,82.3,91.5,205404,38.846191,-77.162209,22.46,0,100,good,22.5,done,116,true,true,-39.53,-1.35,-20.33,26.30,MANUAL,true,8.00,3.00,false,false,off,false,3,false,200,25,3,true,1429,12,4204574309,2.5,675,94.5,31.8,38.846169,-77.161842,true,38.846176,-77.162178
2026-06-14T10:47:19.526Z,test_29-pool2.6-magcal2,true,0.00,15.64,false,false,false,false,true,distance,1000,1000,1500,1000,1667,0.8,72.2,1660,false,off,1670,false,true,90.3,100.5,205412,38.846195,-77.162193,22.46,0,100,good,22.5,done,116,true,true,-39.53,-1.35,-20.33,17.60,MANUAL,true,8.00,3.00,false,false,off,false,3,false,200,25,9,true,1330,12,4204574309,2.5,676,95.7,30.5,38.846169,-77.161842,true,38.846176,-77.162178
2026-06-14T10:47:20.576Z,test_29-pool2.6-magcal2,true,0.00,15.55,false,false,false,false,true,distance,1000,1000,1500,1603,1667,0.8,66.5,1660,false,off,1692,false,true,71.5,81.6,205404,38.846199,-77.162186,22.46,0,100,good,22.5,done,116,true,true,-39.53,-1.35,-20.33,17.62,MANUAL,true,8.00,3.00,false,false,off,false,3,false,200,25,5,true,1535,12,4204574309,2.2,677,96.2,29.9,38.846169,-77.161842,true,38.846176,-77.162178
2026-06-14T10:47:21.676Z,test_29-pool2.6-magcal2,true,0.00,15.65,false,false,false,false,true,distance,1000,1000,1500,1609,1667,0.8,52.3,1660,false,off,1693,false,true,40.9,51.1,205396,38.846207,-77.162170,22.46,0,100,good,22.5,done,116,true,true,-39.53,-1.35,-20.33,23.95,MANUAL,true,8.00,3.00,false,false,off,false,3,false,200,25,7,true,1537,12,4204574309,1.9,678,98.0,28.7,38.846169,-77.161842,true,38.846176,-77.162178
2026-06-14T10:47:22.493Z,test_29-pool2.6-magcal2,true,0.00,15.64,false,false,false,false,true,distance,1000,1000,1500,1406,1667,0.9,38.3,1660,false,off,1686,false,true,37.4,47.6,205408,38.846214,-77.162163,22.46,0,100,good,22.5,done,116,true,true,-39.53,-1.35,-20.33,19.06,MANUAL,true,8.00,3.00,false,false,off,false,3,false,200,25,3,true,1468,12,4204574309,2.4,679,100.8,28.2,38.846169,-77.161842,true,38.846176,-77.162178
2026-06-14T10:47:23.526Z,test_29-pool2.6-magcal2,true,0.00,15.58,false,false,false,false,true,distance,1000,1000,1500,1379,1667,0.9,32.4,1660,false,off,1685,false,true,41.1,51.2,205404,38.846226,-77.162163,22.46,0,100,good,22.5,done,116,true,true,-39.53,-1.35,-20.33,20.06,MANUAL,true,8.00,3.00,false,false,off,false,3,false,200,25,5,true,1458,12,4204574309,2.5,680,102.7,28.5,38.846169,-77.161842,true,38.846176,-77.162178
2026-06-14T10:47:24.660Z,test_29-pool2.6-magcal2,true,0.00,15.64,false,false,false,false,true,distance,1000,1000,1500,1609,1667,1.2,19.4,1660,false,off,1693,false,true,13.3,23.2,205412,38.846237,-77.162155,22.46,0,100,good,22.5,done,116,true,true,-39.53,-1.35,-20.33,20.88,MANUAL,true,8.00,3.00,false,false,off,false,3,false,200,25,4,true,1537,12,4204574309,2.3,681,105.3,28.1,38.846169,-77.161842,true,38.846176,-77.162178
2026-06-14T10:47:25.610Z,test_29-pool2.6-magcal2,true,0.00,15.68,false,false,false,false,true,distance,1000,1000,1500,1609,1667,1.2,10.7,1660,false,off,1693,false,true,9.6,19.4,205412,38.846249,-77.162155,22.46,0,100,good,22.5,done,116,true,true,-39.53,-1.35,-20.33,19.48,MANUAL,true,8.00,3.00,false,false,off,false,3,false,200,25,7,true,1537,12,4204574309,2.5,682,108.2,28.5,38.846169,-77.161842,true,38.846176,-77.162178
2026-06-14T10:47:26.593Z,test_29-pool2.6-magcal2,true,0.00,15.65,false,false,false,false,true,distance,1000,1000,1500,1609,1667,1.2,5.6,1660,false,off,1693,false,true,8.8,18.6,205392,38.846260,-77.162148,22.46,0,100,good,22.5,done,116,true,true,-39.53,-1.35,-20.33,21.04,MANUAL,true,8.00,3.00,false,false,off,false,3,false,200,25,8,true,1537,12,4204574309,2.6,683,111.2,28.3,38.846169,-77.161842,true,38.846176,-77.162178
2026-06-14T10:47:27.510Z,test_29-pool2.6-magcal2,true,0.00,15.68,false,false,false,false,true,distance,1000,1000,1500,1609,1667,0.8,3.8,1660,false,off,1693,false,true,10.7,20.9,205396,38.846275,-77.162148,22.46,0,100,good,22.5,done,116,true,true,-39.53,-1.35,-20.33,19.33,MANUAL,true,8.00,3.00,false,false,off,false,3,false,200,25,4,true,1537,12,4204574309,2.7,684,113.7,29.0,38.846169,-77.161842,true,38.846176,-77.162178
2026-06-14T10:47:28.594Z,test_29-pool2.6-magcal2,true,0.00,15.66,false,false,false,false,true,distance,1000,1000,1500,1609,1667,0.5,4.0,1660,false,off,1693,false,true,10.9,21.4,205400,38.846287,-77.162148,22.46,0,100,good,22.5,done,116,true,true,-39.53,-1.35,-20.33,21.43,MANUAL,true,8.00,3.00,false,false,off,false,3,false,200,25,4,true,1537,12,4204574309,2.8,685,116.7,29.5,38.846169,-77.161842,true,38.846176,-77.162178
2026-06-14T10:47:29.811Z,test_29-pool2.6-magcal2,true,0.00,15.72,false,false,false,false,true,distance,1000,1000,1500,1609,1667,0.1,4.3,1660,false,off,1693,false,true,10.7,21.5,205408,38.846302,-77.162148,22.46,0,100,good,22.5,done,116,true,true,-39.53,-1.35,-20.33,19.18,MANUAL,true,8.00,3.00,false,false,off,false,3,false,200,25,8,true,1537,12,4204574309,2.8,686,119.0,30.3,38.846169,-77.161842,true,38.846176,-77.162178
2026-06-14T10:47:30.577Z,test_29-pool2.6-magcal2,true,0.00,15.72,false,false,false,false,true,distance,1000,1000,1500,1603,1667,-0.2,5.7,1660,false,off,1692,false,true,11.6,22.8,205404,38.846313,-77.162140,22.46,0,100,good,22.5,done,116,true,true,-39.53,-1.35,-20.33,20.35,MANUAL,true,8.00,3.00,false,false,off,false,3,false,200,25,3,true,1535,12,4204574309,2.7,687,122.1,30.4,38.846169,-77.161842,true,38.846176,-77.162178
2026-06-14T10:47:31.811Z,test_29-pool2.6-magcal2,true,0.00,15.75,false,false,false,false,true,distance,1000,1000,1500,1482,1554,-0.5,7.1,1660,false,off,1651,false,true,13.7,25.1,205404,38.846325,-77.162140,22.46,0,100,good,22.5,done,116,true,true,-39.53,-1.35,-20.33,22.16,MANUAL,true,8.00,3.00,false,false,off,false,3,false,200,25,8,true,1493,12,4204574309,2.7,688,124.1,31.1,38.846169,-77.161842,true,38.846176,-77.162178
2026-06-14T10:47:32.544Z,test_29-pool2.6-magcal2,true,-0.00,15.78,false,false,false,false,true,distance,1000,1000,1500,1452,1485,-0.9,8.1,1660,false,off,1627,false,true,16.9,28.8,205404,38.846336,-77.162140,22.46,0,100,good,22.5,done,116,true,true,-39.53,-1.35,-20.33,22.00,MANUAL,true,8.00,3.00,false,false,off,false,3,false,200,25,3,true,1483,12,4204574309,2.2,689,125.6,31.8,38.846169,-77.161842,true,38.846176,-77.162178
2026-06-14T10:47:33.561Z,test_29-pool2.6-magcal2,true,0.00,15.78,false,false,false,false,true,distance,1000,1000,1500,1607,1486,-1.2,8.8,1660,false,off,1630,false,true,13.6,25.8,205412,38.846348,-77.162132,22.46,0,100,good,22.5,done,116,true,true,-39.53,-1.35,-20.33,19.92,MANUAL,true,8.00,3.00,false,false,off,false,3,false,200,25,6,true,1536,12,4204574309,1.8,690,128.5,32.1,38.846169,-77.161842,true,38.846176,-77.162178
2026-06-14T10:47:34.578Z,test_29-pool2.6-magcal2,true,0.00,15.78,false,false,false,false,true,distance,1000,1000,1500,1609,1000,-1.2,6.3,1660,false,off,1500,false,true,7.5,19.7,205412,38.846352,-77.162132,22.46,0,100,good,22.5,done,116,true,true,-39.53,-1.35,-20.33,20.72,MANUAL,true,8.00,3.00,false,false,off,false,3,false,200,25,3,true,1537,12,4204574309,1.4,691,129.0,32.3,38.846169,-77.161842,true,38.846176,-77.162178
2026-06-14T10:47:35.495Z,test_29-pool2.6-magcal2,true,0.00,15.79,false,false,false,false,true,distance,1000,1000,1500,1609,1000,-1.2,1.4,1660,false,off,1500,false,true,1.1,13.3,205396,38.846359,-77.162132,22.46,0,100,good,22.5,done,116,true,true,-39.53,-1.35,-20.33,19.57,MANUAL,true,8.00,3.00,false,false,off,false,3,false,200,25,6,true,1537,12,4204574309,1.2,692,129.8,32.9,38.846169,-77.161842,true,38.846176,-77.162178
2026-06-14T10:47:36.545Z,test_29-pool2.6-magcal2,true,0.00,15.79,false,false,false,false,true,distance,1000,1000,1500,1609,1000,-1.2,355.9,1660,false,off,1500,false,true,355.3,7.5,205412,38.846363,-77.162132,22.46,0,100,good,22.5,done,116,true,true,-39.53,-1.35,-20.33,20.58,MANUAL,true,8.00,3.00,false,false,off,false,3,false,200,25,5,true,1537,12,4204574309,0.9,693,130.3,33.1,38.846169,-77.161842,true,38.846176,-77.162178
2026-06-14T10:47:37.579Z,test_29-pool2.6-magcal2,true,0.00,15.79,false,false,false,false,true,distance,1000,1000,1500,1609,1000,-1.2,352.6,1660,false,off,1500,false,true,349.4,1.5,205416,38.846367,-77.162132,22.46,0,100,good,22.5,done,116,true,true,-39.53,-1.35,-20.33,22.05,MANUAL,true,8.00,3.00,false,false,off,false,3,false,200,25,3,true,1537,12,4204574309,0.8,694,131.5,33.4,38.846169,-77.161842,true,38.846176,-77.162178
2026-06-14T10:47:38.579Z,test_29-pool2.6-magcal2,true,0.00,15.80,false,false,false,false,true,distance,1000,1000,1500,1609,1000,-1.2,346.0,1660,false,off,1500,false,true,344.5,356.7,205376,38.846371,-77.162132,22.46,0,100,good,22.5,done,116,true,true,-39.53,-1.35,-20.33,20.26,MANUAL,true,8.00,3.00,false,false,off,false,3,false,200,25,6,true,1537,12,4204574309,0.7,695,131.7,33.7,38.846169,-77.161842,true,38.846176,-77.162178
2026-06-14T10:47:39.637Z,test_29-pool2.6-magcal2,true,0.00,15.79,false,false,false,false,true,distance,1000,1000,1500,1609,1000,-1.2,338.9,1660,false,off,1500,false,true,339.5,351.7,205400,38.846375,-77.162140,22.46,0,100,good,22.5,done,116,true,true,-39.53,-1.35,-20.33,19.63,MANUAL,true,8.00,3.00,false,false,off,false,3,false,200,25,3,true,1537,12,4204574309,0.8,696,131.5,34.5,38.846169,-77.161842,true,38.846176,-77.162178